selfkoc_post_url,Likes,Comments,Views,Post Date,selfkoc_account,video_id
https://www.youtube.com//shorts/QWIE2g803f0,2,0,1272,4/13/2025,@emilie-s7q,QWIE2g803f0
https://www.youtube.com//shorts/y5A6xztI1FQ,70,0,25000,4/12/2025,@alpechahunter,y5A6xztI1FQ
https://www.youtube.com//shorts/sI_XsxuSTiQ,86,0,32000,4/12/2025,@haydeeprovazek,sI_XsxuSTiQ
https://www.youtube.com//shorts/u_W9IhrF2xc,59,0,33000,4/12/2025,@baobo-k6h,u_W9IhrF2xc
https://www.youtube.com//shorts/r3-5fCvY7dk,85,4,34000,4/12/2025,@annunziata-y6u,r3-5fCvY7dk
https://www.youtube.com//shorts/7exCb4fwzkg,6,0,1457,4/11/2025,@emilie-s7q,7exCb4fwzkg
https://www.youtube.com//shorts/w1frLtVkM3k,144,1,33000,4/10/2025,@alpechahunter,w1frLtVkM3k
https://www.youtube.com//shorts/J6F3Iqf-jdw,105,2,35000,4/10/2025,@haydeeprovazek,J6F3Iqf-jdw
https://www.youtube.com//shorts/Y-1QCRm6TgQ,7,0,48,4/10/2025,@baobo-k6h,Y-1QCRm6TgQ
https://www.youtube.com//shorts/W_7kuu9_bsU,27,1,7046,4/10/2025,@annunziata-y6u,W_7kuu9_bsU
https://www.youtube.com//shorts/n5G4wPxIMBA,26,0,6380,4/9/2025,@emilie-s7q,n5G4wPxIMBA
https://www.youtube.com//shorts/NYgFl9JJ2-4,111,0,26000,4/9/2025,@alpechahunter,NYgFl9JJ2-4
https://www.youtube.com//shorts/IpWYDhYnoKA,9,1,3667,4/9/2025,@haydeeprovazek,IpWYDhYnoKA
https://www.youtube.com//shorts/zN48otPEdOg,98,5,37000,4/9/2025,@baobo-k6h,zN48otPEdOg
https://www.youtube.com//shorts/-EZLT0uHGiw,67,0,22000,4/9/2025,@annunziata-y6u,#NAME?
https://www.youtube.com//shorts/CWQWN2j7h5Q,4,0,518,4/8/2025,@emilie-s7q,CWQWN2j7h5Q
https://www.youtube.com//shorts/ixWCKzLlGPo,12,1,1649,4/8/2025,@emilie-s7q,ixWCKzLlGPo
https://www.youtube.com//shorts/Dd8yzTgsVYA,12,0,1446,4/8/2025,@emilie-s7q,Dd8yzTgsVYA
https://www.youtube.com//shorts/DhO-gy2PgBE,101,0,30000,4/8/2025,@alpechahunter,DhO-gy2PgBE
https://www.youtube.com//shorts/fm8LHtbkCOI,152,0,33000,4/8/2025,@haydeeprovazek,fm8LHtbkCOI
https://www.youtube.com//shorts/gBGExZh0JxY,85,0,36000,4/8/2025,@baobo-k6h,gBGExZh0JxY
https://www.youtube.com//shorts/w6IwQqaraF0,93,0,25000,4/8/2025,@annunziata-y6u,w6IwQqaraF0
https://www.youtube.com//shorts/p8LciTP6WSo,12,0,1426,4/7/2025,@emilie-s7q,p8LciTP6WSo
https://www.youtube.com//shorts/-ZQIjjHJETI,7,0,746,4/6/2025,@alpechahunter,#NAME?
https://www.youtube.com//shorts/N2JDONximyw,62,0,19000,4/6/2025,@haydeeprovazek,N2JDONximyw
https://www.youtube.com//shorts/mlWCjEel6DE,3,0,522,4/6/2025,@baobo-k6h,mlWCjEel6DE
https://www.youtube.com//shorts/b8au8RJJ31o,49,2,2973,4/6/2025,@annunziata-y6u,b8au8RJJ31o
https://www.youtube.com//shorts/iPXKNODPAJo,10,1,4105,4/6/2025,@barmanpsicologa,iPXKNODPAJo
https://www.youtube.com//shorts/u6ZUQv3PoAs,7,0,1826,4/4/2025,@emilie-s7q,u6ZUQv3PoAs
https://www.youtube.com//shorts/rcw3z45VZWQ,80,1,26000,4/4/2025,@alpechahunter,rcw3z45VZWQ
https://www.youtube.com//shorts/WZ-WhrIkCZ4,92,1,34000,4/4/2025,@haydeeprovazek,WZ-WhrIkCZ4
https://www.youtube.com//shorts/T1PYHTRtqk0,135,0,33000,4/4/2025,@baobo-k6h,T1PYHTRtqk0
https://www.youtube.com//shorts/QIyRykPH7IQ,45,0,13000,4/4/2025,@annunziata-y6u,QIyRykPH7IQ
https://www.youtube.com//shorts/mSg48pDfIyc,57,0,33000,4/4/2025,@barmanpsicologa,mSg48pDfIyc
https://www.youtube.com//shorts/pXPy0y4O0d8,8,0,1383,4/2/2025,@emilie-s7q,pXPy0y4O0d8
https://www.youtube.com//shorts/ICm9u2SgifA,1,0,113,4/2/2025,@alpechahunter,ICm9u2SgifA
https://www.youtube.com//shorts/EgOIYzKhtqY,94,1,22000,4/2/2025,@alpechahunter,EgOIYzKhtqY
https://www.youtube.com//shorts/NzByBBJ66LM,168,0,36000,4/2/2025,@haydeeprovazek,NzByBBJ66LM
https://www.youtube.com//shorts/gxdiBmlemxc,182,0,34000,4/2/2025,@haydeeprovazek,gxdiBmlemxc
https://www.youtube.com//shorts/UIblhky1_js,67,0,32000,4/2/2025,@baobo-k6h,UIblhky1_js
https://www.youtube.com//shorts/xonXRI167J8,24,0,7446,4/2/2025,@baobo-k6h,xonXRI167J8
https://www.youtube.com//shorts/P55r61j96Rs,56,3,32000,4/2/2025,@annunziata-y6u,P55r61j96Rs
https://www.youtube.com//shorts/h0uFzNXREHg,107,0,34000,4/2/2025,@annunziata-y6u,h0uFzNXREHg
https://www.youtube.com//shorts/3w75Hv9Hyl4,14,0,2005,4/2/2025,@barmanpsicologa,3w75Hv9Hyl4
https://www.youtube.com//shorts/9pNrcvos8-M,65,0,35000,4/2/2025,@barmanpsicologa,9pNrcvos8-M
https://www.youtube.com//shorts/FKo62aXDF-M,7,0,779,4/1/2025,@emilie-s7q,FKo62aXDF-M
https://www.youtube.com//shorts/XM0hIAsfkrk,3,0,370,4/1/2025,@alpechahunter,XM0hIAsfkrk
https://www.youtube.com//shorts/WWg_D72pwDQ,5,0,541,4/1/2025,@haydeeprovazek,WWg_D72pwDQ
https://www.youtube.com//shorts/mDrG0blqeT4,7,0,1,4/1/2025,@baobo-k6h,mDrG0blqeT4
https://www.youtube.com//shorts/MGPBG__SdsU,6,0,631,4/1/2025,@annunziata-y6u,MGPBG__SdsU
https://www.youtube.com//shorts/E68C-j9u_rE,1,0,1629,4/1/2025,@barmanpsicologa,E68C-j9u_rE
https://www.youtube.com//shorts/PIVkjaSnpXk,29,0,9017,3/29/2025,@emilie-s7q,PIVkjaSnpXk
https://www.youtube.com//shorts/TbVE48F7pQA,131,0,13000,3/29/2025,@alpechahunter,TbVE48F7pQA
https://www.youtube.com//shorts/KsUmvD5vAHo,151,1,15000,3/29/2025,@haydeeprovazek,KsUmvD5vAHo
https://www.youtube.com//shorts/s20-PEqYEkA,10,0,1919,3/29/2025,@baobo-k6h,s20-PEqYEkA
https://www.youtube.com//shorts/pl-Xbw2H7c8,86,2,11000,3/29/2025,@annunziata-y6u,pl-Xbw2H7c8
https://www.youtube.com//shorts/yQT1SFkd2LQ,104,0,15000,3/29/2025,@barmanpsicologa,yQT1SFkd2LQ
https://www.youtube.com//shorts/GTJbjFDIj7g,125,0,15000,3/28/2025,@emilie-s7q,GTJbjFDIj7g
https://www.youtube.com//shorts/6oXxKk2XNpI,83,0,9016,3/27/2025,@emilie-s7q,6oXxKk2XNpI
https://www.youtube.com//shorts/xR55CWOOSRw,9,0,665,3/26/2025,@emilie-s7q,xR55CWOOSRw
https://www.youtube.com//shorts/w0ee8k2h78g,50,0,10000,3/26/2025,@alpechahunter,w0ee8k2h78g
https://www.youtube.com//shorts/FCMmhj-lUo8,102,0,15000,3/26/2025,@haydeeprovazek,FCMmhj-lUo8
https://www.youtube.com//shorts/wrj4poxPF34,16,0,3152,3/26/2025,@baobo-k6h,wrj4poxPF34
https://www.youtube.com//shorts/d-SB1znqqMg,85,0,15000,3/26/2025,@annunziata-y6u,d-SB1znqqMg
https://www.youtube.com//shorts/6x97mDqyvhE,214,1,15000,3/26/2025,@barmanpsicologa,6x97mDqyvhE
https://www.youtube.com//shorts/d40Zvfk4Dwo,72,0,12000,3/25/2025,@alpechahunter,d40Zvfk4Dwo
https://www.youtube.com//shorts/e0RVJdkRVwM,99,0,15000,3/25/2025,@haydeeprovazek,e0RVJdkRVwM
https://www.youtube.com//shorts/hhJ7AzM_Nvw,73,2,7744,3/25/2025,@baobo-k6h,hhJ7AzM_Nvw
https://www.youtube.com//shorts/7MVF8U0z0D0,9,0,176,3/25/2025,@annunziata-y6u,7MVF8U0z0D0
https://www.youtube.com//shorts/OfGOaK1cPwM,251,7,21000,3/25/2025,@barmanpsicologa,OfGOaK1cPwM
https://www.youtube.com//shorts/jVT6R9SMe0A,1,0,,3/24/2025,@alpechahunter,jVT6R9SMe0A
https://www.youtube.com//shorts/iYbWPZnMjhs,3,0,,3/24/2025,@haydeeprovazek,iYbWPZnMjhs
https://www.youtube.com//shorts/39zQRVqXZXU,8,0,1,3/24/2025,@baobo-k6h,39zQRVqXZXU
https://www.youtube.com//shorts/-z8z6YTUadI,4,0,,3/24/2025,@annunziata-y6u,#NAME?
https://www.youtube.com//shorts/hOOpnGna3BQ,8,0,2,3/24/2025,@barmanpsicologa,hOOpnGna3BQ
https://www.youtube.com//shorts/4q2gebPktZI,14,1,692,3/23/2025,@emilie-s7q,4q2gebPktZI
https://www.youtube.com//shorts/2YODzE681eA,18,0,2665,3/22/2025,@alpechahunter,2YODzE681eA
https://www.youtube.com//shorts/AvCR8h28puI,204,1,18000,3/22/2025,@haydeeprovazek,AvCR8h28puI
https://www.youtube.com//shorts/H9IWG4_dry4,65,4,11000,3/22/2025,@baobo-k6h,H9IWG4_dry4
https://www.youtube.com//shorts/pFpqMC6E0NA,73,1,11000,3/22/2025,@annunziata-y6u,pFpqMC6E0NA
https://www.youtube.com//shorts/j_mIktOsUFg,8,0,479,3/22/2025,@barmanpsicologa,j_mIktOsUFg
https://www.youtube.com//shorts/A_t2PSTxDdE,7,0,5,3/20/2025,@emilie-s7q,A_t2PSTxDdE
https://www.youtube.com//shorts/jp4FfgaiU_c,51,0,2229,3/20/2025,@alpechahunter,jp4FfgaiU_c
https://www.youtube.com//shorts/mXiztPwzXcQ,36,0,4020,3/20/2025,@alpechahunter,mXiztPwzXcQ
https://www.youtube.com//shorts/UeG9iYwNvq0,23,0,1445,3/20/2025,@haydeeprovazek,UeG9iYwNvq0
https://www.youtube.com//shorts/5cvPYGQkIOU,311,10,54000,3/20/2025,@haydeeprovazek,5cvPYGQkIOU
https://www.youtube.com//shorts/fKwAC2siih8,68,4,15000,3/20/2025,@baobo-k6h,fKwAC2siih8
https://www.youtube.com//shorts/eDdg_MO0lG8,26,1,3361,3/20/2025,@baobo-k6h,eDdg_MO0lG8
https://www.youtube.com//shorts/yD2JPIkCIAQ,54,0,7446,3/20/2025,@annunziata-y6u,yD2JPIkCIAQ
https://www.youtube.com//shorts/HlTBotn0XPs,184,0,11000,3/20/2025,@annunziata-y6u,HlTBotn0XPs
https://www.youtube.com//shorts/I4YL69DrgZQ,50,0,2665,3/20/2025,@barmanpsicologa,I4YL69DrgZQ
https://www.youtube.com//shorts/eMKSotojya4,159,2,16000,3/20/2025,@barmanpsicologa,eMKSotojya4
https://www.youtube.com//shorts/MOKSNMhFNfU,172,0,15000,3/19/2025,@emilie-s7q,MOKSNMhFNfU
https://www.youtube.com//shorts/xMwAvmdRcJg,10,0,223,3/19/2025,@alpechahunter,xMwAvmdRcJg
https://www.youtube.com//shorts/V6D2kngQDF0,93,5,15000,3/19/2025,@haydeeprovazek,V6D2kngQDF0
https://www.youtube.com//shorts/gpUtOCepl6g,167,0,14000,3/19/2025,@baobo-k6h,gpUtOCepl6g
https://www.youtube.com//shorts/364PgJ4_J58,28,0,1378,3/19/2025,@annunziata-y6u,364PgJ4_J58
https://www.youtube.com//shorts/c4mRYhG04-A,6374,6,520000,3/19/2025,@barmanpsicologa,c4mRYhG04-A
https://www.youtube.com//shorts/8z0FLNIGtnA,52,1,3391,3/18/2025,@barmanpsicologa,8z0FLNIGtnA
https://www.youtube.com//shorts/D4ZLnWQZbA0,147,0,14000,3/17/2025,@alpechahunter,D4ZLnWQZbA0
https://www.youtube.com//shorts/BWjq_VFeSsk,102,2,15000,3/17/2025,@haydeeprovazek,BWjq_VFeSsk
https://www.youtube.com//shorts/NQ_Lus3Bvrk,161,3,15000,3/17/2025,@baobo-k6h,NQ_Lus3Bvrk
https://www.youtube.com//shorts/u6h1_K_jZYw,92,0,8481,3/17/2025,@annunziata-y6u,u6h1_K_jZYw
https://www.youtube.com//shorts/Wr3iJb3nQ9A,9,0,488,3/16/2025,@emilie-s7q,Wr3iJb3nQ9A
https://www.youtube.com//shorts/bLqMg6T4EqQ,57,0,5409,3/15/2025,@alpechahunter,bLqMg6T4EqQ
https://www.youtube.com//shorts/Z-tuSWq23ok,98,5,13000,3/15/2025,@haydeeprovazek,Z-tuSWq23ok
https://www.youtube.com//shorts/1FmgEdM39Ko,82,0,16000,3/15/2025,@baobo-k6h,1FmgEdM39Ko
https://www.youtube.com//shorts/b1zR2QnZcuI,17,0,1379,3/15/2025,@annunziata-y6u,b1zR2QnZcuI
https://www.youtube.com//shorts/f-edXa4hD6E,6,0,980,3/15/2025,@barmanpsicologa,f-edXa4hD6E
https://www.youtube.com//shorts/uaj9Fbt-MOE,154,0,10000,3/13/2025,@emilie-s7q,uaj9Fbt-MOE
https://www.youtube.com//shorts/Vd_qRq1OANU,45,0,3732,3/13/2025,@alpechahunter,Vd_qRq1OANU
https://www.youtube.com//shorts/xnRMQjrc2xg,14,0,122,3/13/2025,@alpechahunter,xnRMQjrc2xg
https://www.youtube.com//shorts/vPhTbBRHocY,152,0,19000,3/13/2025,@haydeeprovazek,vPhTbBRHocY
https://www.youtube.com//shorts/ECtJFYLsSLE,121,0,15000,3/13/2025,@haydeeprovazek,ECtJFYLsSLE
https://www.youtube.com//shorts/IGe_UCWfi6A,105,0,16000,3/13/2025,@baobo-k6h,IGe_UCWfi6A
https://www.youtube.com//shorts/n_oBDK8hxVU,153,0,13000,3/13/2025,@baobo-k6h,n_oBDK8hxVU
https://www.youtube.com//shorts/rwWr1d3YdHQ,81,0,9840,3/13/2025,@annunziata-y6u,rwWr1d3YdHQ
https://www.youtube.com//shorts/9qF9YzoLliM,103,0,10000,3/13/2025,@annunziata-y6u,9qF9YzoLliM
https://www.youtube.com//shorts/ibjFPa8jFWs,49,0,10000,3/13/2025,@barmanpsicologa,ibjFPa8jFWs
https://www.youtube.com//shorts/pPFCIe_6BR0,91,1,15000,3/13/2025,@barmanpsicologa,pPFCIe_6BR0
https://www.youtube.com//shorts/GupuldQP9xY,178,0,15000,3/12/2025,@emilie-s7q,GupuldQP9xY
https://www.youtube.com//shorts/fsH_29P7XRg,1,0,2,3/11/2025,@emilie-s7q,fsH_29P7XRg
https://www.youtube.com//shorts/UZq2KfPzMG8,7,0,77,3/11/2025,@alpechahunter,UZq2KfPzMG8
https://www.youtube.com//shorts/i6eibPM__T0,7,0,271,3/11/2025,@haydeeprovazek,i6eibPM__T0
https://www.youtube.com//shorts/NInN1HIevlM,2,0,39,3/11/2025,@baobo-k6h,NInN1HIevlM
https://www.youtube.com//shorts/nwuqKfQ_Chs,4,0,68,3/11/2025,@annunziata-y6u,nwuqKfQ_Chs
https://www.youtube.com//shorts/VFkDBX3l7h4,2,0,286,3/11/2025,@barmanpsicologa,VFkDBX3l7h4
https://www.youtube.com//shorts/IEs9d4M2YfU,35,0,2957,3/11/2025,@emilie-s7q,IEs9d4M2YfU
https://www.youtube.com//shorts/JxJz1fVttUs,170,0,11000,3/11/2025,@alpechahunter,JxJz1fVttUs
https://www.youtube.com//shorts/yGY5zXl3KLA,125,1,15000,3/11/2025,@haydeeprovazek,yGY5zXl3KLA
https://www.youtube.com//shorts/wkoET5-I20U,86,0,15000,3/11/2025,@baobo-k6h,wkoET5-I20U
https://www.youtube.com//shorts/nHvEXCQcnd4,105,0,15000,3/11/2025,@annunziata-y6u,nHvEXCQcnd4
https://www.youtube.com//shorts/_WqvO6SXSzY,130,0,15000,3/11/2025,@barmanpsicologa,_WqvO6SXSzY
https://www.youtube.com//shorts/b5PoWrGa26g,6,1,2706,3/9/2025,@emilie-s7q,b5PoWrGa26g
https://www.youtube.com//shorts/MO7-jRp--E8,12,0,65,3/9/2025,@alpechahunter,MO7-jRp--E8
https://www.youtube.com//shorts/iBVngkHH9DU,12,0,452,3/8/2025,@alpechahunter,iBVngkHH9DU
https://www.youtube.com//shorts/k-jzRbRZWZg,135,0,15000,3/8/2025,@haydeeprovazek,k-jzRbRZWZg
https://www.youtube.com//shorts/vlhedwh2aGU,87,1,12000,3/8/2025,@baobo-k6h,vlhedwh2aGU
https://www.youtube.com//shorts/N9Dx6jUVNl8,6,0,445,3/8/2025,@annunziata-y6u,N9Dx6jUVNl8
https://www.youtube.com//shorts/mRQDv8BwFrE,15,0,599,3/8/2025,@barmanpsicologa,mRQDv8BwFrE
https://www.youtube.com//shorts/bPMtVUe5fZk,36,0,2898,3/6/2025,@emilie-s7q,bPMtVUe5fZk
https://www.youtube.com//shorts/KT4JjhYCm3k,302,2,15000,3/6/2025,@alpechahunter,KT4JjhYCm3k
https://www.youtube.com//shorts/yiPvCSePky4,257,0,17000,3/6/2025,@haydeeprovazek,yiPvCSePky4
https://www.youtube.com//shorts/kbBW3PHBN7s,103,0,16000,3/6/2025,@baobo-k6h,kbBW3PHBN7s
https://www.youtube.com//shorts/TynT16tjrW4,13,0,540,3/6/2025,@annunziata-y6u,TynT16tjrW4
https://www.youtube.com//shorts/inS62gF-y1E,11,0,436,3/6/2025,@barmanpsicologa,inS62gF-y1E
https://www.youtube.com//shorts/d2VBdszWJ6Y,63,0,5910,3/5/2025,@emilie-s7q,d2VBdszWJ6Y
https://www.youtube.com//shorts/G-0oNTxhdSo,160,0,15000,3/5/2025,@emilie-s7q,G-0oNTxhdSo
https://www.youtube.com//shorts/ADFgTd8_J5I,136,0,10000,3/5/2025,@alpechahunter,ADFgTd8_J5I
https://www.youtube.com//shorts/YVEa_S6nq_o,13,0,293,3/5/2025,@haydeeprovazek,YVEa_S6nq_o
https://www.youtube.com//shorts/Aw2NrDuOzxQ,173,1,15000,3/5/2025,@baobo-k6h,Aw2NrDuOzxQ
https://www.youtube.com//shorts/6j9aZJoi5dM,9,0,413,3/5/2025,@annunziata-y6u,6j9aZJoi5dM
https://www.youtube.com//shorts/5uV3sfa_hms,3,0,68,3/5/2025,@barmanpsicologa,5uV3sfa_hms
https://www.youtube.com//shorts/6JZFwRgsE3M,222,1,15000,3/4/2025,@alpechahunter,6JZFwRgsE3M
https://www.youtube.com//shorts/62N_mBhz4cA,284,1,15000,3/4/2025,@haydeeprovazek,62N_mBhz4cA
https://www.youtube.com//shorts/cVPrz5IV-Mc,104,0,12000,3/4/2025,@baobo-k6h,cVPrz5IV-Mc
https://www.youtube.com//shorts/Qwlhsan1QOM,3,1,513,3/4/2025,@annunziata-y6u,Qwlhsan1QOM
https://www.youtube.com//shorts/BMYf5D2ZHe8,131,4,15000,3/4/2025,@barmanpsicologa,BMYf5D2ZHe8
https://www.youtube.com//shorts/CrE136hWeIM,5,0,506,3/3/2025,@emilie-s7q,CrE136hWeIM
https://www.youtube.com//shorts/AabC3cDeT0s,280,0,17000,3/3/2025,@emilie-s7q,AabC3cDeT0s
https://www.youtube.com//shorts/b9ies2iMaOQ,301,0,15000,3/3/2025,@alpechahunter,b9ies2iMaOQ
https://www.youtube.com//shorts/J5CquJ97DZ8,40,0,5551,3/3/2025,@haydeeprovazek,J5CquJ97DZ8
https://www.youtube.com//shorts/rqd4yeafjds,6,0,527,3/3/2025,@baobo-k6h,rqd4yeafjds
https://www.youtube.com//shorts/QNY9vCQOTIM,43,0,5572,3/3/2025,@annunziata-y6u,QNY9vCQOTIM
https://www.youtube.com//shorts/5-jOhX_a3LE,167,0,15000,3/3/2025,@barmanpsicologa,5-jOhX_a3LE
https://www.youtube.com//shorts/2ckGgvkvWEo,355,1,16000,3/1/2025,@alpechahunter,2ckGgvkvWEo
https://www.youtube.com//shorts/uwLFViK3Veg,109,0,15000,3/1/2025,@haydeeprovazek,uwLFViK3Veg
https://www.youtube.com//shorts/NmdwxWO28q4,117,0,15000,3/1/2025,@baobo-k6h,NmdwxWO28q4
https://www.youtube.com//shorts/hpDj76FvH8c,105,0,13000,3/1/2025,@annunziata-y6u,hpDj76FvH8c
https://www.youtube.com//shorts/eJr9HuUDrFw,11,0,300,3/1/2025,@venicialolol,eJr9HuUDrFw
https://www.youtube.com//shorts/YfHQHlkA_gA,8,0,426,3/1/2025,@barmanpsicologa,YfHQHlkA_gA
https://www.youtube.com//shorts/RgFLftnqtvI,192,0,15000,2/28/2025,@chelsierinkus,RgFLftnqtvI
https://www.youtube.com//shorts/uNeIYk2A0FU,64,1,10000,2/28/2025,@emilie-s7q,uNeIYk2A0FU
https://www.youtube.com//shorts/IriLhEhMqw4,30,0,1666,2/27/2025,@chelsierinkus,IriLhEhMqw4
https://www.youtube.com//shorts/LPAIYzgH71c,6,0,356,2/27/2025,@emilie-s7q,LPAIYzgH71c
https://www.youtube.com//shorts/1mE_RROZSs4,107,0,14000,2/27/2025,@alpechahunter,1mE_RROZSs4
https://www.youtube.com//shorts/RSLffo8Q-WY,133,0,16000,2/27/2025,@haydeeprovazek,RSLffo8Q-WY
https://www.youtube.com//shorts/oqpov8t3z5Y,14,1,2468,2/27/2025,@baobo-k6h,oqpov8t3z5Y
https://www.youtube.com//shorts/e5MuKry-o9Y,145,0,15000,2/27/2025,@annunziata-y6u,e5MuKry-o9Y
https://www.youtube.com//shorts/coTcqtpnQTE,87,0,15000,2/27/2025,@venicialolol,coTcqtpnQTE
https://www.youtube.com//shorts/Q_WnEw-EPpk,5,0,426,2/27/2025,@barmanpsicologa,Q_WnEw-EPpk
https://www.youtube.com//shorts/O1ia5nR-B1Y,6,0,661,2/26/2025,@chelsierinkus,O1ia5nR-B1Y
https://www.youtube.com//shorts/L-BXJ8fXW-Q,178,0,17000,2/26/2025,@emilie-s7q,L-BXJ8fXW-Q
https://www.youtube.com//shorts/clR49ZPJ2ac,383,0,15000,2/26/2025,@alpechahunter,clR49ZPJ2ac
https://www.youtube.com//shorts/5_AZUIj-DLw,119,1,13000,2/26/2025,@haydeeprovazek,5_AZUIj-DLw
https://www.youtube.com//shorts/Xcv4E7cJHtA,113,8,16000,2/26/2025,@baobo-k6h,Xcv4E7cJHtA
https://www.youtube.com//shorts/-xk2SiPZkjY,176,0,16000,2/26/2025,@annunziata-y6u,#NAME?
https://www.youtube.com//shorts/YD2gGEp_V4Q,179,1,15000,2/26/2025,@venicialolol,YD2gGEp_V4Q
https://www.youtube.com//shorts/MM7t2Ac_e4w,12,0,493,2/26/2025,@barmanpsicologa,MM7t2Ac_e4w
https://www.youtube.com//shorts/d56brD1sv7k,210,0,15000,2/25/2025,@alpechahunter,d56brD1sv7k
https://www.youtube.com//shorts/mxwuWpfIlN0,212,0,14000,2/25/2025,@haydeeprovazek,mxwuWpfIlN0
https://www.youtube.com//shorts/vIUyoLEupAA,179,14,13000,2/25/2025,@baobo-k6h,vIUyoLEupAA
https://www.youtube.com//shorts/v9EYssEeWn4,187,0,19000,2/25/2025,@annunziata-y6u,v9EYssEeWn4
https://www.youtube.com//shorts/xUFMnLD0_l0,129,6,15000,2/25/2025,@venicialolol,xUFMnLD0_l0
https://www.youtube.com//shorts/uyDltAKlTGg,13,0,628,2/25/2025,@barmanpsicologa,uyDltAKlTGg
https://www.youtube.com//shorts/bOXyyCLlh-E,416,1,14000,2/24/2025,@chelsierinkus,bOXyyCLlh-E
https://www.youtube.com//shorts/WRN6OxowjpQ,8,0,600,2/24/2025,@emilie-s7q,WRN6OxowjpQ
https://www.youtube.com//shorts/Hk8ct31WN3k,242,0,15000,2/24/2025,@alpechahunter,Hk8ct31WN3k
https://www.youtube.com//shorts/y4eXXHsd6fI,120,0,12000,2/24/2025,@haydeeprovazek,y4eXXHsd6fI
https://www.youtube.com//shorts/wzKnKWq_x54,191,1,17000,2/24/2025,@baobo-k6h,wzKnKWq_x54
https://www.youtube.com//shorts/mucwNgtnwY8,137,1,15000,2/24/2025,@annunziata-y6u,mucwNgtnwY8
https://www.youtube.com//shorts/tuGcQV_ccIk,148,2,14000,2/24/2025,@venicialolol,tuGcQV_ccIk
https://www.youtube.com//shorts/wbpZnC15IBc,202,0,16000,2/24/2025,@barmanpsicologa,wbpZnC15IBc
https://www.youtube.com//shorts/ln5JGjkOUuM,3,0,31,2/17/2025,@chelsierinkus,ln5JGjkOUuM
https://www.youtube.com//shorts/m1ftlKo0_Ss,1,0,34,2/17/2025,@emilie-s7q,m1ftlKo0_Ss
https://www.youtube.com//shorts/8K5mNYdu0WU,13,0,559,2/17/2025,@alpechahunter,8K5mNYdu0WU
https://www.youtube.com//shorts/rJDK962x1Bc,8,0,470,2/17/2025,@haydeeprovazek,rJDK962x1Bc
https://www.youtube.com//shorts/J4iyg0rJYLQ,22,0,2732,2/17/2025,@baobo-k6h,J4iyg0rJYLQ
https://www.youtube.com//shorts/0q1vR1FRZfo,47,0,2741,2/17/2025,@annunziata-y6u,0q1vR1FRZfo
https://www.youtube.com//shorts/H7TBXK5E8po,7,1,552,2/17/2025,@venicialolol,H7TBXK5E8po
https://www.youtube.com//shorts/WVY9o3Wucp0,12,0,528,2/17/2025,@barmanpsicologa,WVY9o3Wucp0
https://www.youtube.com//shorts/Ai2cPdImn4c,39,0,965,2/16/2025,@alpechahunter,Ai2cPdImn4c
https://www.youtube.com//shorts/ivQnLyZJH_o,115,5,15000,2/16/2025,@haydeeprovazek,ivQnLyZJH_o
https://www.youtube.com//shorts/TnIdym6GYu8,126,0,15000,2/16/2025,@baobo-k6h,TnIdym6GYu8
https://www.youtube.com//shorts/VhkUe7d_3do,148,0,14000,2/16/2025,@annunziata-y6u,VhkUe7d_3do
https://www.youtube.com//shorts/KNU4jY56CaA,136,6,16000,2/16/2025,@venicialolol,KNU4jY56CaA
https://www.youtube.com//shorts/Ew9msouzgVI,6,0,622,2/16/2025,@barmanpsicologa,Ew9msouzgVI
https://www.youtube.com//shorts/U_FxTJbc7s0,18,0,4251,2/15/2025,@chelsierinkus,U_FxTJbc7s0
https://www.youtube.com//shorts/2DBOKaUOYbA,133,0,11000,2/15/2025,@emilie-s7q,2DBOKaUOYbA
https://www.youtube.com//shorts/zXHUyaFxrgs,103,1,10000,2/14/2025,@chelsierinkus,zXHUyaFxrgs
https://www.youtube.com//shorts/3sD8FE3-tVg,3,1,1223,2/13/2025,@emilie-s7q,3sD8FE3-tVg
https://www.youtube.com//shorts/alPdrKVt9eI,226,1,15000,2/13/2025,@alpechahunter,alPdrKVt9eI
https://www.youtube.com//shorts/wYUUmrYhZCI,115,0,15000,2/13/2025,@haydeeprovazek,wYUUmrYhZCI
https://www.youtube.com//shorts/D94Z1hjz1tM,130,0,16000,2/13/2025,@baobo-k6h,D94Z1hjz1tM
https://www.youtube.com//shorts/uGVtw6f47wo,144,1,15000,2/13/2025,@annunziata-y6u,uGVtw6f47wo
https://www.youtube.com//shorts/v88SECspA2Y,9,0,1773,2/13/2025,@venicialolol,v88SECspA2Y
https://www.youtube.com//shorts/D9HHjG2SFNU,1,0,240,2/13/2025,@barmanpsicologa,D9HHjG2SFNU
https://www.youtube.com//shorts/ibzJAk05gUo,164,0,15000,2/12/2025,@chelsierinkus,ibzJAk05gUo
https://www.youtube.com//shorts/kpq1tB9rB3E,7,0,3,2/12/2025,@emilie-s7q,kpq1tB9rB3E
https://www.youtube.com//shorts/43z8G_Y0kvc,257,0,15000,2/12/2025,@alpechahunter,43z8G_Y0kvc
https://www.youtube.com//shorts/JW9mAi7byoI,183,1,16000,2/12/2025,@haydeeprovazek,JW9mAi7byoI
https://www.youtube.com//shorts/gISsubOLhD4,17,0,2827,2/12/2025,@baobo-k6h,gISsubOLhD4
https://www.youtube.com//shorts/539QAFyMbz0,162,0,15000,2/12/2025,@annunziata-y6u,539QAFyMbz0
https://www.youtube.com//shorts/bfKGIgqqGhk,12,0,418,2/12/2025,@venicialolol,bfKGIgqqGhk
https://www.youtube.com//shorts/ijK_BSmqvqM,3,0,39,2/12/2025,@barmanpsicologa,ijK_BSmqvqM
https://www.youtube.com//shorts/ZhTMRrAt2O4,88,0,8113,2/11/2025,@alpechahunter,ZhTMRrAt2O4
https://www.youtube.com//shorts/M2oTFdxs0g4,13,1,406,2/11/2025,@haydeeprovazek,M2oTFdxs0g4
https://www.youtube.com//shorts/2OMvx028F34,104,0,15000,2/11/2025,@baobo-k6h,2OMvx028F34
https://www.youtube.com//shorts/laX7SDYELww,5,0,463,2/11/2025,@venicialolol,laX7SDYELww
https://www.youtube.com//shorts/8YIBudhmhIA,3,0,418,2/11/2025,@barmanpsicologa,8YIBudhmhIA
https://www.youtube.com//shorts/4mmzBU7eyQo,171,0,11000,2/10/2025,@chelsierinkus,4mmzBU7eyQo
https://www.youtube.com//shorts/dLOKGantC2Q,114,0,15000,2/10/2025,@chelsierinkus,dLOKGantC2Q
https://www.youtube.com//shorts/2o6HVowhYMI,149,1,12000,2/10/2025,@emilie-s7q,2o6HVowhYMI
https://www.youtube.com//shorts/R1L2mTmLgGk,200,0,14000,2/10/2025,@alpechahunter,R1L2mTmLgGk
https://www.youtube.com//shorts/8Ov-LimyCkk,162,0,15000,2/10/2025,@haydeeprovazek,8Ov-LimyCkk
https://www.youtube.com//shorts/8mQTLHx8Tto,132,1,15000,2/10/2025,@baobo-k6h,8mQTLHx8Tto
https://www.youtube.com//shorts/Hg0ObmEVIVc,114,0,15000,2/10/2025,@annunziata-y6u,Hg0ObmEVIVc
https://www.youtube.com//shorts/cDqD75iZ1M8,146,2,15000,2/10/2025,@venicialolol,cDqD75iZ1M8
https://www.youtube.com//shorts/Vyu1HNb4MRM,8,0,463,2/10/2025,@barmanpsicologa,Vyu1HNb4MRM
https://www.youtube.com//shorts/vSwLEnMbYPk,251,0,14000,2/8/2025,@alpechahunter,vSwLEnMbYPk
https://www.youtube.com//shorts/R6qKxP2GSiY,197,3,15000,2/8/2025,@haydeeprovazek,R6qKxP2GSiY
https://www.youtube.com//shorts/98BWVMsWbO8,155,1,15000,2/8/2025,@baobo-k6h,98BWVMsWbO8
https://www.youtube.com//shorts/ydnLTNB2Vtw,37,0,4684,2/8/2025,@annunziata-y6u,ydnLTNB2Vtw
https://www.youtube.com//shorts/P5soiexLwjk,19,0,579,2/8/2025,@venicialolol,P5soiexLwjk
https://www.youtube.com//shorts/LWwVyHh1Q_Q,12,0,900,2/8/2025,@barmanpsicologa,LWwVyHh1Q_Q
https://www.youtube.com//shorts/vThXyqFzpGk,87,0,7007,2/7/2025,@emilie-s7q,vThXyqFzpGk
https://www.youtube.com//shorts/Ss7hEcxaUz8,152,1,5543,2/7/2025,@alpechahunter,Ss7hEcxaUz8
https://www.youtube.com//shorts/k985nOwjy2A,13,0,522,2/7/2025,@haydeeprovazek,k985nOwjy2A
https://www.youtube.com//shorts/-0TSWA46JOs,122,0,15000,2/7/2025,@baobo-k6h,-0TSWA46JOs
https://www.youtube.com//shorts/Di5V8ginfco,4,0,1194,2/7/2025,@annunziata-y6u,Di5V8ginfco
https://www.youtube.com//shorts/r0Gs0pvRuXk,61,1,9941,2/7/2025,@venicialolol,r0Gs0pvRuXk
https://www.youtube.com//shorts/k2NnQtvUpCM,21,4,2123,2/7/2025,@barmanpsicologa,k2NnQtvUpCM
https://www.youtube.com//shorts/hymcDrDo7Rk,13,1,549,2/6/2025,@chelsierinkus,hymcDrDo7Rk
https://www.youtube.com//shorts/crKOr0pTsO4,134,0,15000,2/6/2025,@emilie-s7q,crKOr0pTsO4
https://www.youtube.com//shorts/nahTzw4j6ho,108,0,12000,2/6/2025,@alpechahunter,nahTzw4j6ho
https://www.youtube.com//shorts/HKaS2kHFwG8,130,2,15000,2/6/2025,@haydeeprovazek,HKaS2kHFwG8
https://www.youtube.com//shorts/WIrZ0clJzTQ,11,0,523,2/6/2025,@baobo-k6h,WIrZ0clJzTQ
https://www.youtube.com//shorts/DI2jUJeDKDE,7,0,549,2/6/2025,@annunziata-y6u,DI2jUJeDKDE
https://www.youtube.com//shorts/N1gdWimRU-g,216,0,16000,2/6/2025,@venicialolol,N1gdWimRU-g
https://www.youtube.com//shorts/wFMHA3zyPU8,150,0,16000,2/6/2025,@barmanpsicologa,wFMHA3zyPU8
https://www.youtube.com//shorts/yNxC4KvKZmM,89,0,12000,2/5/2025,@alpechahunter,yNxC4KvKZmM
https://www.youtube.com//shorts/OxWfDACOg4M,10,0,630,2/5/2025,@annunziata-y6u,OxWfDACOg4M
https://www.youtube.com//shorts/1KFznUNYkYQ,24,0,3306,2/5/2025,@barmanpsicologa,1KFznUNYkYQ
https://www.youtube.com//shorts/zVtXKhTlFtw,151,0,15000,2/4/2025,@chelsierinkus,zVtXKhTlFtw
https://www.youtube.com//shorts/89zFVOhhOMo,73,2,7876,2/4/2025,@emilie-s7q,89zFVOhhOMo
https://www.youtube.com//shorts/BasZDoyYw4k,52,0,4639,2/4/2025,@alpechahunter,BasZDoyYw4k
https://www.youtube.com//shorts/N3e9CydCsDU,55,0,6788,2/4/2025,@baobo-k6h,N3e9CydCsDU
https://www.youtube.com//shorts/ckWyn3hWQuM,6,0,715,2/4/2025,@annunziata-y6u,ckWyn3hWQuM
https://www.youtube.com//shorts/vLvHX2ZgZo8,13,0,846,2/4/2025,@venicialolol,vLvHX2ZgZo8
https://www.youtube.com//shorts/9DNkUCuFOnc,4,0,763,2/4/2025,@barmanpsicologa,9DNkUCuFOnc
https://www.youtube.com//shorts/NuLpr7z9SxE,195,0,15000,2/1/2025,@alpechahunter,NuLpr7z9SxE
https://www.youtube.com//shorts/ZpOJEQiD97E,137,0,14000,2/1/2025,@annunziata-y6u,ZpOJEQiD97E
https://www.youtube.com//shorts/WYkQvv04rPU,3,0,709,2/1/2025,@barmanpsicologa,WYkQvv04rPU
https://www.youtube.com//shorts/b1wFppWGH-U,189,1,15000,1/29/2025,@chelsierinkus,b1wFppWGH-U
https://www.youtube.com//shorts/aAIf9oT7l6c,130,1,15000,1/29/2025,@emilie-s7q,aAIf9oT7l6c
https://www.youtube.com//shorts/LddfeB2zEg4,14,1,623,1/29/2025,@alpechahunter,LddfeB2zEg4
https://www.youtube.com//shorts/n6ejznQ4YU4,149,0,9718,1/29/2025,@annunziata-y6u,n6ejznQ4YU4
https://www.youtube.com//shorts/Sn-MpiOaUOQ,170,0,16000,1/26/2025,@alpechahunter,Sn-MpiOaUOQ
https://www.youtube.com//shorts/GEcLZMcJZEo,123,9,15000,1/26/2025,@haydeeprovazek,GEcLZMcJZEo
https://www.youtube.com//shorts/TPcnegNbH2k,232,1,15000,1/26/2025,@baobo-k6h,TPcnegNbH2k
https://www.youtube.com//shorts/k1uMIi9ll8E,7,0,578,1/26/2025,@annunziata-y6u,k1uMIi9ll8E
https://www.youtube.com//shorts/VzoeTjUGfbM,186,0,15000,1/26/2025,@venicialolol,VzoeTjUGfbM
https://www.youtube.com//shorts/P1AzjobMxM0,17,0,3631,1/26/2025,@barmanpsicologa,P1AzjobMxM0
https://www.youtube.com//shorts/fZcd2jL4YHQ,234,0,15000,1/23/2025,@alpechahunter,fZcd2jL4YHQ
https://www.youtube.com//shorts/7IjdsaFTH7U,115,0,15000,1/23/2025,@annunziata-y6u,7IjdsaFTH7U
https://www.youtube.com//shorts/L35hIIzehKw,9,0,167,1/23/2025,@barmanpsicologa,L35hIIzehKw
https://www.youtube.com//shorts/R1cArCB0fNU,19,0,2154,1/21/2025,@alpechahunter,R1cArCB0fNU
https://www.youtube.com//shorts/6slYF2er-zk,275,1,16000,1/21/2025,@annunziata-y6u,6slYF2er-zk
https://www.youtube.com//shorts/BkwHnMlPVZQ,146,0,15000,1/21/2025,@barmanpsicologa,BkwHnMlPVZQ
https://www.youtube.com//shorts/Jb7GWI5nNCo,24,0,2814,1/20/2025,@alpechahunter,Jb7GWI5nNCo
https://www.youtube.com//shorts/5Yi-xvjeSqM,180,5,15000,1/20/2025,@annunziata-y6u,5Yi-xvjeSqM
https://www.youtube.com//shorts/N4s_noZS8qY,15,0,3093,1/20/2025,@barmanpsicologa,N4s_noZS8qY
https://www.youtube.com//shorts/91QPY5EcKWg,158,0,15000,1/18/2025,@alpechahunter,91QPY5EcKWg
https://www.youtube.com//shorts/KIFLoweySPc,213,0,19000,1/18/2025,@annunziata-y6u,KIFLoweySPc
https://www.youtube.com//shorts/RjhoP-ZmtNg,100,2,15000,1/18/2025,@barmanpsicologa,RjhoP-ZmtNg
https://www.youtube.com//shorts/N9w435sQz94,104,0,7573,1/16/2025,@alpechahunter,N9w435sQz94
https://www.youtube.com//shorts/8WVEbURH4JI,118,0,15000,1/16/2025,@annunziata-y6u,8WVEbURH4JI
https://www.youtube.com//shorts/Vtyu_yijBGo,151,0,16000,1/16/2025,@barmanpsicologa,Vtyu_yijBGo
https://www.youtube.com//shorts/Jib4yy3BM2o,236,0,17000,1/15/2025,@alpechahunter,Jib4yy3BM2o
https://www.youtube.com//shorts/N_7-Gib5bUs,394,1,15000,1/15/2025,@barmanpsicologa,N_7-Gib5bUs
https://www.youtube.com//shorts/oDP8f2fpwB0,93,1,9445,1/14/2025,@alpechahunter,oDP8f2fpwB0
https://www.youtube.com//shorts/vVZ4MitWboE,293,2,15000,1/14/2025,@annunziata-y6u,vVZ4MitWboE
https://www.youtube.com//shorts/RHKLB-D7lFM,125,0,15000,1/14/2025,@barmanpsicologa,RHKLB-D7lFM
https://www.youtube.com//shorts/7PCskeGBUH4,112,0,11000,1/13/2025,@alpechahunter,7PCskeGBUH4
https://www.youtube.com//shorts/WHutBX4glhI,200,1,19000,1/13/2025,@annunziata-y6u,WHutBX4glhI
https://www.youtube.com//shorts/WPjb0PfPUnU,7,2,2725,1/13/2025,@barmanpsicologa,WPjb0PfPUnU
https://www.youtube.com//shorts/MDyuKozHAGY,16,0,1268,1/12/2025,@alpechahunter,MDyuKozHAGY
https://www.youtube.com//shorts/rqAVTM7gV-8,143,4,15000,1/12/2025,@annunziata-y6u,rqAVTM7gV-8
https://www.youtube.com//shorts/ShPuRIWy474,200,0,15000,1/12/2025,@barmanpsicologa,ShPuRIWy474
https://www.youtube.com//shorts/EFY3bO88sKg,11,0,219,1/9/2025,@alpechahunter,EFY3bO88sKg
https://www.youtube.com//shorts/YK1dXK2XQWY,153,1,15000,1/9/2025,@annunziata-y6u,YK1dXK2XQWY
https://www.youtube.com//shorts/w-clyTGMmwc,22,0,1139,1/6/2025,@chelsierinkus,w-clyTGMmwc
https://www.youtube.com//shorts/zicC19esfsY,42,2,4087,1/6/2025,@chelsierinkus,zicC19esfsY
https://www.youtube.com//shorts/TnXSU9SaMNM,85,0,5757,1/6/2025,@emilie-s7q,TnXSU9SaMNM
https://www.youtube.com//shorts/tgkqebpDxmc,177,0,11000,1/6/2025,@alpechahunter,tgkqebpDxmc
https://www.youtube.com//shorts/E3_OlXsIqiA,9,1,629,1/6/2025,@haydeeprovazek,E3_OlXsIqiA
https://www.youtube.com//shorts/kT8EgFwbqRE,87,0,6843,1/6/2025,@baobo-k6h,kT8EgFwbqRE
https://www.youtube.com//shorts/QntAcqNnMdA,135,1,15000,1/6/2025,@annunziata-y6u,QntAcqNnMdA
https://www.youtube.com//shorts/9B-qsVtnMQM,10,0,374,1/6/2025,@venicialolol,9B-qsVtnMQM
https://www.youtube.com//shorts/rbZS9NPVZ5s,44,0,3624,1/6/2025,@barmanpsicologa,rbZS9NPVZ5s
https://www.youtube.com//shorts/Y5XY6a0uiNI,162,1,16000,1/5/2025,@emilie-s7q,Y5XY6a0uiNI
https://www.youtube.com//shorts/k9S7GA4SjE4,44,0,3650,1/5/2025,@alpechahunter,k9S7GA4SjE4
https://www.youtube.com//shorts/JRuEXRybQMk,158,0,6915,1/5/2025,@alpechahunter,JRuEXRybQMk
https://www.youtube.com//shorts/AHYuoMJnsqY,202,3,15000,1/5/2025,@haydeeprovazek,AHYuoMJnsqY
https://www.youtube.com//shorts/08P__h3WMKw,168,0,17000,1/5/2025,@baobo-k6h,08P__h3WMKw
https://www.youtube.com//shorts/31Ac2kCIQmE,140,0,15000,1/5/2025,@annunziata-y6u,31Ac2kCIQmE
https://www.youtube.com//shorts/hsIy3_hUp3Q,39,1,1423,1/5/2025,@annunziata-y6u,hsIy3_hUp3Q
https://www.youtube.com//shorts/lnSKvKSwZrE,322,0,43000,1/5/2025,@venicialolol,lnSKvKSwZrE
https://www.youtube.com//shorts/BYq2HujA3r4,52,0,2559,1/5/2025,@barmanpsicologa,BYq2HujA3r4
https://www.youtube.com//shorts/b1xnZ7C5uPA,11,3,1244,1/3/2025,@alpechahunter,b1xnZ7C5uPA
https://www.youtube.com//shorts/nlRxLeD--Dw,103,1,15000,1/3/2025,@haydeeprovazek,nlRxLeD--Dw
https://www.youtube.com//shorts/Pv-Ty9y6EAs,185,1,15000,1/3/2025,@baobo-k6h,Pv-Ty9y6EAs
https://www.youtube.com//shorts/304G2yX2DvY,33,0,3404,1/3/2025,@annunziata-y6u,304G2yX2DvY
https://www.youtube.com//shorts/z6yc0KBIsA8,89,3,11000,1/3/2025,@venicialolol,z6yc0KBIsA8
https://www.youtube.com//shorts/RxLNktRP7LI,138,0,14000,1/3/2025,@barmanpsicologa,RxLNktRP7LI
https://www.youtube.com//shorts/ya95S91F-6Y,265,0,16000,1/2/2025,@emilie-s7q,ya95S91F-6Y
https://www.youtube.com//shorts/2mihzGkL0NI,95,0,15000,1/1/2025,@emilie-s7q,2mihzGkL0NI
https://www.youtube.com//shorts/Sp-ndkZDhxk,461,1,15000,1/1/2025,@alpechahunter,Sp-ndkZDhxk
https://www.youtube.com//shorts/Ck3mD7N5Edc,22,0,1982,1/1/2025,@haydeeprovazek,Ck3mD7N5Edc
https://www.youtube.com//shorts/hdCQxBBM-QQ,185,0,16000,1/1/2025,@baobo-k6h,hdCQxBBM-QQ
https://www.youtube.com//shorts/9OgcnLbRSeY,179,1,17000,1/1/2025,@annunziata-y6u,9OgcnLbRSeY
https://www.youtube.com//shorts/CqTK92VQtd0,136,2,14000,1/1/2025,@venicialolol,CqTK92VQtd0
https://www.youtube.com//shorts/iaeTlblyNo0,194,0,23000,1/1/2025,@barmanpsicologa,iaeTlblyNo0
https://www.youtube.com//shorts/XrquxFNGOBA,75,1,6071,12/30/2024,@chelsierinkus,XrquxFNGOBA
https://www.youtube.com//shorts/u90Xn9FdFTo,75,0,5391,12/30/2024,@chelsierinkus,u90Xn9FdFTo
https://www.youtube.com//shorts/fkBBjtMN0FM,87,1,11000,12/30/2024,@emilie-s7q,fkBBjtMN0FM
https://www.youtube.com//shorts/KR6GCoD-0LU,89,0,6935,12/30/2024,@emilie-s7q,KR6GCoD-0LU
https://www.youtube.com//shorts/3VD1Ow0QXws,476,1,16000,12/30/2024,@alpechahunter,3VD1Ow0QXws
https://www.youtube.com//shorts/GFLDvgQGNE0,168,0,10000,12/30/2024,@haydeeprovazek,GFLDvgQGNE0
https://www.youtube.com//shorts/7btT8nEbzn4,201,4,15000,12/30/2024,@baobo-k6h,7btT8nEbzn4
https://www.youtube.com//shorts/ntt5RKJhNXU,351,1,15000,12/30/2024,@annunziata-y6u,ntt5RKJhNXU
https://www.youtube.com//shorts/Fa2icmEJK8o,16,0,482,12/30/2024,@venicialolol,Fa2icmEJK8o
https://www.youtube.com//shorts/MRT7jLVA2DI,50,0,3727,12/30/2024,@barmanpsicologa,MRT7jLVA2DI
https://www.youtube.com//shorts/X-0tW8oEpL0,154,1,13000,12/28/2024,@alpechahunter,X-0tW8oEpL0
https://www.youtube.com//shorts/MK_AlrFQ1h0,197,0,13000,12/28/2024,@haydeeprovazek,MK_AlrFQ1h0
https://www.youtube.com//shorts/LSPqlc02Vpo,151,0,15000,12/28/2024,@baobo-k6h,LSPqlc02Vpo
https://www.youtube.com//shorts/LYjGonJ_PjY,94,0,3902,12/28/2024,@venicialolol,LYjGonJ_PjY
https://www.youtube.com//shorts/yFOn4lQeKRs,3,1,988,12/28/2024,@barmanpsicologa,yFOn4lQeKRs
https://www.youtube.com//shorts/LlGgt5tGye4,334,1,15000,12/27/2024,@alpechahunter,LlGgt5tGye4
https://www.youtube.com//shorts/3SKp_T0GH8E,117,0,16000,12/26/2024,@chelsierinkus,3SKp_T0GH8E
https://www.youtube.com//shorts/H-JYTlkTn4c,104,0,11000,12/26/2024,@emilie-s7q,H-JYTlkTn4c
https://www.youtube.com//shorts/pjtKIREOhbI,262,3,16000,12/26/2024,@alpechahunter,pjtKIREOhbI
https://www.youtube.com//shorts/DfkLY8Kz0wg,124,1,15000,12/26/2024,@haydeeprovazek,DfkLY8Kz0wg
https://www.youtube.com//shorts/jTCjLMYtbmE,166,1,15000,12/26/2024,@baobo-k6h,jTCjLMYtbmE
https://www.youtube.com//shorts/PZRL_nBDDLE,214,6,15000,12/26/2024,@venicialolol,PZRL_nBDDLE
https://www.youtube.com//shorts/klgIoEGLZr4,77,1,12000,12/26/2024,@barmanpsicologa,klgIoEGLZr4
https://www.youtube.com//shorts/9o5eiwsQB18,60,0,7066,12/25/2024,@emilie-s7q,9o5eiwsQB18
https://www.youtube.com//shorts/b2UZhH-38DU,432,2,16000,12/25/2024,@emilie-s7q,b2UZhH-38DU
https://www.youtube.com//shorts/HeG7Bq3aZJg,11,0,1799,12/25/2024,@haydeeprovazek,HeG7Bq3aZJg
https://www.youtube.com//shorts/Hqcuy_MrAtc,248,2,20000,12/25/2024,@baobo-k6h,Hqcuy_MrAtc
https://www.youtube.com//shorts/qSUY3GSlQhc,411,8,21000,12/25/2024,@venicialolol,qSUY3GSlQhc
https://www.youtube.com//shorts/0zNDV5vHR6w,192,0,15000,12/25/2024,@barmanpsicologa,0zNDV5vHR6w
https://www.youtube.com//shorts/qltrTt5mAtc,420,5,17000,12/24/2024,@emilie-s7q,qltrTt5mAtc
https://www.youtube.com//shorts/JSfws4JjLiU,51,2,6018,12/23/2024,@emilie-s7q,JSfws4JjLiU
https://www.youtube.com//shorts/BO0GVdVYo1A,233,4,15000,12/23/2024,@alpechahunter,BO0GVdVYo1A
https://www.youtube.com//shorts/p4gzVpSNxgc,9,0,527,12/23/2024,@haydeeprovazek,p4gzVpSNxgc
https://www.youtube.com//shorts/P0EoR8fiCe8,132,0,16000,12/23/2024,@baobo-k6h,P0EoR8fiCe8
https://www.youtube.com//shorts/BfZWMCwcmB4,57,1,6380,12/23/2024,@venicialolol,BfZWMCwcmB4
https://www.youtube.com//shorts/xYSZdHq5xJo,416,2,15000,12/23/2024,@barmanpsicologa,xYSZdHq5xJo
https://www.youtube.com//shorts/zr9C24oKabU,299,2,20000,12/21/2024,@alpechahunter,zr9C24oKabU
https://www.youtube.com//shorts/vHDsB_9DtKU,180,0,15000,12/21/2024,@haydeeprovazek,vHDsB_9DtKU
https://www.youtube.com//shorts/FuhJsnJjyRI,46,0,12000,12/21/2024,@baobo-k6h,FuhJsnJjyRI
https://www.youtube.com//shorts/nz_sDfzeYaU,9,0,512,12/21/2024,@venicialolol,nz_sDfzeYaU
https://www.youtube.com//shorts/uuEulcE1gIA,219,1,20000,12/21/2024,@barmanpsicologa,uuEulcE1gIA
https://www.youtube.com//shorts/jEeLYiPnUBE,4,0,640,12/19/2024,@alpechahunter,jEeLYiPnUBE
https://www.youtube.com//shorts/7d1N-wcPv30,186,2,17000,12/19/2024,@baobo-k6h,7d1N-wcPv30
https://www.youtube.com//shorts/_J53VBFLfPg,51,1,9831,12/19/2024,@venicialolol,_J53VBFLfPg
https://www.youtube.com//shorts/8-nYqk5Lsak,188,0,15000,12/19/2024,@barmanpsicologa,8-nYqk5Lsak
https://www.youtube.com//shorts/AcBCSwHRwWA,297,1,15000,12/18/2024,@alpechahunter,AcBCSwHRwWA
https://www.youtube.com//shorts/f88wyUrGB0Q,250,0,19000,12/18/2024,@baobo-k6h,f88wyUrGB0Q
https://www.youtube.com//shorts/N6eEpPNUnCA,47,0,10000,12/18/2024,@venicialolol,N6eEpPNUnCA
https://www.youtube.com//shorts/_AVrp7lgGew,164,1,16000,12/18/2024,@barmanpsicologa,_AVrp7lgGew
https://www.youtube.com//shorts/r0juu9HAnnY,8,0,597,12/17/2024,@chelsierinkus,r0juu9HAnnY
https://www.youtube.com//shorts/3uJ9ZAFt6-Y,58,1,8721,12/16/2024,@chelsierinkus,3uJ9ZAFt6-Y
https://www.youtube.com//shorts/nrjhOmVMC7k,77,0,8451,12/16/2024,@emilie-s7q,nrjhOmVMC7k
https://www.youtube.com//shorts/DV3_9m6hSrI,9,1,1231,12/16/2024,@haydeeprovazek,DV3_9m6hSrI
https://www.youtube.com//shorts/Fu5h6l-sopI,297,1,21000,12/16/2024,@baobo-k6h,Fu5h6l-sopI
https://www.youtube.com//shorts/VDTgwCCy63Y,9,0,511,12/16/2024,@annunziata-y6u,VDTgwCCy63Y
https://www.youtube.com//shorts/42v8G6rDT3Q,146,1,14000,12/16/2024,@venicialolol,42v8G6rDT3Q
https://www.youtube.com//shorts/xzzL27WnkFk,165,0,15000,12/16/2024,@barmanpsicologa,xzzL27WnkFk
https://www.youtube.com//shorts/2Eh7Eb21b-A,228,0,12000,12/14/2024,@alpechahunter,2Eh7Eb21b-A
https://www.youtube.com//shorts/zXy6Sw0Rhxg,173,2,7576,12/14/2024,@haydeeprovazek,zXy6Sw0Rhxg
https://www.youtube.com//shorts/hyVeKPXKpj4,207,1,20000,12/14/2024,@baobo-k6h,hyVeKPXKpj4
https://www.youtube.com//shorts/x2Gi48JVmO0,5,0,560,12/14/2024,@annunziata-y6u,x2Gi48JVmO0
https://www.youtube.com//shorts/miLycQT4a1c,87,1,9278,12/14/2024,@venicialolol,miLycQT4a1c
https://www.youtube.com//shorts/3UbApvAk1-o,9,0,778,12/14/2024,@barmanpsicologa,3UbApvAk1-o
https://www.youtube.com//shorts/o7L7CpDKO5Q,57,0,6801,12/12/2024,@chelsierinkus,o7L7CpDKO5Q
https://www.youtube.com//shorts/Xo8dHJH1-mA,246,0,16000,12/12/2024,@alpechahunter,Xo8dHJH1-mA
https://www.youtube.com//shorts/1hCzlXMAN0k,159,1,15000,12/12/2024,@haydeeprovazek,1hCzlXMAN0k
https://www.youtube.com//shorts/WJoGPlUIktw,4,0,414,12/12/2024,@baobo-k6h,WJoGPlUIktw
https://www.youtube.com//shorts/rmKNbLUSdu4,7,0,553,12/12/2024,@annunziata-y6u,rmKNbLUSdu4
https://www.youtube.com//shorts/s0g-zdXRVkk,157,0,15000,12/12/2024,@venicialolol,s0g-zdXRVkk
https://www.youtube.com//shorts/bZuBoSX1Tro,163,0,18000,12/12/2024,@barmanpsicologa,bZuBoSX1Tro
https://www.youtube.com//shorts/SMj0qfEYDj0,47,1,10000,12/11/2024,@chelsierinkus,SMj0qfEYDj0
https://www.youtube.com//shorts/lT0u8YqX8mw,131,0,14000,12/11/2024,@emilie-s7q,lT0u8YqX8mw
https://www.youtube.com//shorts/xIi863ORX2I,230,3,13000,12/11/2024,@alpechahunter,xIi863ORX2I
https://www.youtube.com//shorts/MtPpp3DaYLE,87,1,11000,12/11/2024,@baobo-k6h,MtPpp3DaYLE
https://www.youtube.com//shorts/65UrP29rHYg,4,0,436,12/11/2024,@annunziata-y6u,65UrP29rHYg
https://www.youtube.com//shorts/S7Lx0vHOTSw,119,0,15000,12/11/2024,@venicialolol,S7Lx0vHOTSw
https://www.youtube.com//shorts/nidRcCQ-5gc,284,0,17000,12/11/2024,@barmanpsicologa,nidRcCQ-5gc
https://www.youtube.com//shorts/J4F1YkDSYrI,51,0,6648,12/10/2024,@chelsierinkus,J4F1YkDSYrI
https://www.youtube.com//shorts/TcQDBdv-Z8o,67,0,7299,12/10/2024,@emilie-s7q,TcQDBdv-Z8o
https://www.youtube.com//shorts/gr2i9gjHMCM,40,0,2225,12/10/2024,@baobo-k6h,gr2i9gjHMCM
https://www.youtube.com//shorts/YnhHeOtjPKc,7,0,527,12/10/2024,@annunziata-y6u,YnhHeOtjPKc
https://www.youtube.com//shorts/uawUVcwwdsg,192,1,15000,12/10/2024,@barmanpsicologa,uawUVcwwdsg
https://www.youtube.com//shorts/6IJi85Xs_bU,29,0,2153,12/9/2024,@alpechahunter,6IJi85Xs_bU
https://www.youtube.com//shorts/6pWU60oy3Lc,118,0,15000,12/9/2024,@haydeeprovazek,6pWU60oy3Lc
https://www.youtube.com//shorts/uxCCCkPYSgU,112,0,15000,12/9/2024,@baobo-k6h,uxCCCkPYSgU
https://www.youtube.com//shorts/HI8qK_gc3Yk,17,0,688,12/9/2024,@annunziata-y6u,HI8qK_gc3Yk
https://www.youtube.com//shorts/armmoEhRhaQ,93,1,14000,12/9/2024,@venicialolol,armmoEhRhaQ
https://www.youtube.com//shorts/96-Gj-uRoNw,144,0,16000,12/9/2024,@barmanpsicologa,96-Gj-uRoNw
https://www.youtube.com//shorts/O9LgKdYjOzc,7,0,493,12/8/2024,@annunziata-y6u,O9LgKdYjOzc
https://www.youtube.com//shorts/XPKdrN88ln0,38,2,11000,12/8/2024,@venicialolol,XPKdrN88ln0
https://www.youtube.com//shorts/J6otgHMwdQc,408,0,14000,12/7/2024,@alpechahunter,J6otgHMwdQc
https://www.youtube.com//shorts/1dOkHA5t1G4,100,2,14000,12/7/2024,@haydeeprovazek,1dOkHA5t1G4
https://www.youtube.com//shorts/mL2UjmzlLQ4,194,6,15000,12/7/2024,@baobo-k6h,mL2UjmzlLQ4
https://www.youtube.com//shorts/XWaqRRxiP-M,6,4,494,12/7/2024,@annunziata-y6u,XWaqRRxiP-M
https://www.youtube.com//shorts/VbOxf1Uz_98,155,5,9431,12/7/2024,@barmanpsicologa,VbOxf1Uz_98
https://www.youtube.com//shorts/fyu_49laKYY,80,3,11000,12/5/2024,@chelsierinkus,fyu_49laKYY
https://www.youtube.com//shorts/6zZvaCUhLZE,75,0,10000,12/5/2024,@chelsierinkus,6zZvaCUhLZE
https://www.youtube.com//shorts/cV91_WJ3Z8M,57,0,7136,12/5/2024,@emilie-s7q,cV91_WJ3Z8M
https://www.youtube.com//shorts/kdcU1gfUqhc,189,0,17000,12/5/2024,@emilie-s7q,kdcU1gfUqhc
https://www.youtube.com//shorts/GU4ogSvn1YE,115,0,12000,12/5/2024,@alpechahunter,GU4ogSvn1YE
https://www.youtube.com//shorts/iPyDP3XkkZI,84,0,15000,12/5/2024,@haydeeprovazek,iPyDP3XkkZI
https://www.youtube.com//shorts/gFY1w5B-xXI,122,0,15000,12/5/2024,@baobo-k6h,gFY1w5B-xXI
https://www.youtube.com//shorts/_2XN2J-IoYo,9,0,432,12/5/2024,@annunziata-y6u,_2XN2J-IoYo
https://www.youtube.com//shorts/9dR3pg7DkYI,123,0,13000,12/5/2024,@venicialolol,9dR3pg7DkYI
https://www.youtube.com//shorts/fsAhAWbNTJ8,113,0,15000,12/5/2024,@barmanpsicologa,fsAhAWbNTJ8
https://www.youtube.com//shorts/o0UwQlyaU0E,122,1,15000,12/4/2024,@chelsierinkus,o0UwQlyaU0E
https://www.youtube.com//shorts/PbkwFq-vZDM,118,0,15000,12/4/2024,@emilie-s7q,PbkwFq-vZDM
https://www.youtube.com//shorts/Wg3IF_i05L4,119,2,10000,12/4/2024,@alpechahunter,Wg3IF_i05L4
https://www.youtube.com//shorts/y0Fvzn9AYTQ,105,0,15000,12/4/2024,@haydeeprovazek,y0Fvzn9AYTQ
https://www.youtube.com//shorts/48erwHTTxUA,153,0,18000,12/4/2024,@baobo-k6h,48erwHTTxUA
https://www.youtube.com//shorts/BrDS7ly5D9o,9,0,572,12/4/2024,@annunziata-y6u,BrDS7ly5D9o
https://www.youtube.com//shorts/oJ0GeTyuXF4,119,0,16000,12/4/2024,@venicialolol,oJ0GeTyuXF4
https://www.youtube.com//shorts/8hpI069zYy8,134,0,16000,12/4/2024,@barmanpsicologa,8hpI069zYy8
https://www.youtube.com//shorts/Hcj0EhBFrsE,13,2,2080,12/3/2024,@alpechahunter,Hcj0EhBFrsE
https://www.youtube.com//shorts/9EQ-1tsmaiE,35,0,7251,12/3/2024,@haydeeprovazek,9EQ-1tsmaiE
https://www.youtube.com//shorts/dGbd59QA6u4,6,0,571,12/3/2024,@annunziata-y6u,dGbd59QA6u4
https://www.youtube.com//shorts/CV4IA0ZMpkw,73,7,10000,12/3/2024,@venicialolol,CV4IA0ZMpkw
https://www.youtube.com//shorts/7X-Y0vSYVck,136,0,13000,12/3/2024,@barmanpsicologa,7X-Y0vSYVck
https://www.youtube.com//shorts/K1Hc_QZNVwo,120,2,14000,12/2/2024,@chelsierinkus,K1Hc_QZNVwo
https://www.youtube.com//shorts/w3LDfzpRGW8,176,0,16000,12/2/2024,@chelsierinkus,w3LDfzpRGW8
https://www.youtube.com//shorts/HtzS2-KZUCM,230,1,28000,12/2/2024,@emilie-s7q,HtzS2-KZUCM
https://www.youtube.com//shorts/GpjWzlGxFao,167,0,16000,12/2/2024,@emilie-s7q,GpjWzlGxFao
https://www.youtube.com//shorts/5IzLxkDRV2s,180,0,14000,12/2/2024,@haydeeprovazek,5IzLxkDRV2s
https://www.youtube.com//shorts/I1a0pIDBG-U,5,0,485,12/2/2024,@annunziata-y6u,I1a0pIDBG-U
https://www.youtube.com//shorts/eLeLbhxtZGw,78,1,13000,12/2/2024,@venicialolol,eLeLbhxtZGw
https://www.youtube.com//shorts/wB9WOLmQggc,11,0,657,12/2/2024,@barmanpsicologa,wB9WOLmQggc
https://www.youtube.com//shorts/a5NnKvigB1M,424,0,15000,11/30/2024,@alpechahunter,a5NnKvigB1M
https://www.youtube.com//shorts/uefnT99UYg4,96,0,15000,11/30/2024,@haydeeprovazek,uefnT99UYg4
https://www.youtube.com//shorts/FXyJf2UbvoE,102,2,2488,11/30/2024,@baobo-k6h,FXyJf2UbvoE
https://www.youtube.com//shorts/Bsy-69tOWK8,7,0,432,11/30/2024,@annunziata-y6u,Bsy-69tOWK8
https://www.youtube.com//shorts/9UW-RNAqHuU,32,0,10000,11/30/2024,@venicialolol,9UW-RNAqHuU
https://www.youtube.com//shorts/jG8CMPq3aFI,139,2,15000,11/30/2024,@barmanpsicologa,jG8CMPq3aFI
https://www.youtube.com//shorts/cXqSX428VeY,75,0,15000,11/28/2024,@chelsierinkus,cXqSX428VeY
https://www.youtube.com//shorts/mbUL5lUyEK4,72,0,15000,11/28/2024,@emilie-s7q,mbUL5lUyEK4
https://www.youtube.com//shorts/6iJODv-xfbU,36,0,4231,11/28/2024,@alpechahunter,6iJODv-xfbU
https://www.youtube.com//shorts/8DN8upSGL10,82,0,13000,11/28/2024,@haydeeprovazek,8DN8upSGL10
https://www.youtube.com//shorts/zGuWK6yWD6Y,8,0,429,11/28/2024,@baobo-k6h,zGuWK6yWD6Y
https://www.youtube.com//shorts/7xOfFI7cAq8,1,0,490,11/28/2024,@annunziata-y6u,7xOfFI7cAq8
https://www.youtube.com//shorts/2cRbFd_bo1k,63,0,12000,11/28/2024,@venicialolol,2cRbFd_bo1k
https://www.youtube.com//shorts/v_6JWOgcpe0,125,1,14000,11/28/2024,@barmanpsicologa,v_6JWOgcpe0
https://www.youtube.com//shorts/z1s39SJncdU,130,1,15000,11/27/2024,@chelsierinkus,z1s39SJncdU
https://www.youtube.com//shorts/-bVmmSOalJE,130,0,17000,11/27/2024,@emilie-s7q,#NAME?
https://www.youtube.com//shorts/ONDLUPsQEKk,245,2,15000,11/27/2024,@alpechahunter,ONDLUPsQEKk
https://www.youtube.com//shorts/BwqRGGClvik,45,0,6134,11/27/2024,@haydeeprovazek,BwqRGGClvik
https://www.youtube.com//shorts/Ldu8fmLL45Q,7,0,452,11/27/2024,@baobo-k6h,Ldu8fmLL45Q
https://www.youtube.com//shorts/zDPMTRGsky8,8,0,529,11/27/2024,@annunziata-y6u,zDPMTRGsky8
https://www.youtube.com//shorts/k0aI4qPd1QA,62,0,13000,11/27/2024,@venicialolol,k0aI4qPd1QA
https://www.youtube.com//shorts/3jh1aIjOLoQ,146,1,15000,11/27/2024,@barmanpsicologa,3jh1aIjOLoQ
https://www.youtube.com//shorts/RdlVHChA0SU,199,0,16000,11/26/2024,@chelsierinkus,RdlVHChA0SU
https://www.youtube.com//shorts/hGx-6_IXXZw,12,2,1656,11/26/2024,@alpechahunter,hGx-6_IXXZw
https://www.youtube.com//shorts/_-kwW4YmpgE,76,0,10000,11/26/2024,@haydeeprovazek,_-kwW4YmpgE
https://www.youtube.com//shorts/T0fs1JOEhjk,413,4,11000,11/26/2024,@baobo-k6h,T0fs1JOEhjk
https://www.youtube.com//shorts/5R3Un_Zbfng,51,0,9263,11/26/2024,@venicialolol,5R3Un_Zbfng
https://www.youtube.com//shorts/9MDSI2m3sFQ,210,2,16000,11/26/2024,@barmanpsicologa,9MDSI2m3sFQ
https://www.youtube.com//shorts/YB7y010P4cU,114,1,8024,11/25/2024,@alpechahunter,YB7y010P4cU
https://www.youtube.com//shorts/tlCgKFsoMr8,3,0,468,11/25/2024,@haydeeprovazek,tlCgKFsoMr8
https://www.youtube.com//shorts/7LjKWzKuWMw,69,2,3864,11/25/2024,@baobo-k6h,7LjKWzKuWMw
https://www.youtube.com//shorts/l4b7UnT25wY,10,0,520,11/25/2024,@annunziata-y6u,l4b7UnT25wY
https://www.youtube.com//shorts/x_q1PvT050o,3,0,413,11/25/2024,@venicialolol,x_q1PvT050o
https://www.youtube.com//shorts/hVMc9cw4zkE,7,0,513,11/25/2024,@barmanpsicologa,hVMc9cw4zkE
https://www.youtube.com//shorts/nXDuunjUP9c,9,0,502,11/23/2024,@alpechahunter,nXDuunjUP9c
https://www.youtube.com//shorts/nqYisPvCFyQ,15,1,474,11/23/2024,@haydeeprovazek,nqYisPvCFyQ
https://www.youtube.com//shorts/mE1YA6794FY,68,2,1980,11/23/2024,@baobo-k6h,mE1YA6794FY
https://www.youtube.com//shorts/sj4eOjOtmVE,5,0,531,11/23/2024,@annunziata-y6u,sj4eOjOtmVE
https://www.youtube.com//shorts/aULBUwuS8r8,95,1,13000,11/23/2024,@venicialolol,aULBUwuS8r8
https://www.youtube.com//shorts/gx17gmwGA48,42,0,8111,11/23/2024,@barmanpsicologa,gx17gmwGA48
https://www.youtube.com//shorts/x-diyOJTLtM,112,0,15000,11/21/2024,@chelsierinkus,x-diyOJTLtM
https://www.youtube.com//shorts/pqvnx1FizrA,171,0,16000,11/21/2024,@chelsierinkus,pqvnx1FizrA
https://www.youtube.com//shorts/afx2xiwwcYw,73,1,15000,11/21/2024,@emilie-s7q,afx2xiwwcYw
https://www.youtube.com//shorts/jDtSKD0Qnzo,139,2,12000,11/21/2024,@emilie-s7q,jDtSKD0Qnzo
https://www.youtube.com//shorts/a40lPg9xsdY,72,1,10000,11/21/2024,@alpechahunter,a40lPg9xsdY
https://www.youtube.com//shorts/zS-4P3cf1DA,8,0,481,11/21/2024,@annunziata-y6u,zS-4P3cf1DA
https://www.youtube.com//shorts/hnPEtFllTNg,5,0,137,11/21/2024,@barmanpsicologa,hnPEtFllTNg
https://www.youtube.com//shorts/AaAwdj7O0Ns,40,1,5824,11/20/2024,@alpechahunter,AaAwdj7O0Ns
https://www.youtube.com//shorts/JDZ9CnMuR1w,25,0,980,11/20/2024,@haydeeprovazek,JDZ9CnMuR1w
https://www.youtube.com//shorts/7JlIF5KGhDY,6,0,574,11/20/2024,@baobo-k6h,7JlIF5KGhDY
https://www.youtube.com//shorts/cUZGaGo_7fU,7,0,474,11/20/2024,@annunziata-y6u,cUZGaGo_7fU
https://www.youtube.com//shorts/lLAvzuZU2l4,66,3,10000,11/20/2024,@venicialolol,lLAvzuZU2l4
https://www.youtube.com//shorts/-b0Owk9VYTY,17,0,615,11/20/2024,@barmanpsicologa,#NAME?
https://www.youtube.com//shorts/l7I3MYvC5-w,87,1,12000,11/19/2024,@chelsierinkus,l7I3MYvC5-w
https://www.youtube.com//shorts/Fem_8n3hmJE,90,1,11000,11/19/2024,@emilie-s7q,Fem_8n3hmJE
https://www.youtube.com//shorts/YVn1Ub3_FVw,6,0,579,11/19/2024,@alpechahunter,YVn1Ub3_FVw
https://www.youtube.com//shorts/fY3mdGt7Iys,54,0,837,11/19/2024,@haydeeprovazek,fY3mdGt7Iys
https://www.youtube.com//shorts/lzH6BIvGtAo,18,2,501,11/19/2024,@baobo-k6h,lzH6BIvGtAo
https://www.youtube.com//shorts/3O4T3FfZcLM,9,0,419,11/19/2024,@annunziata-y6u,3O4T3FfZcLM
https://www.youtube.com//shorts/ABS2wekU0EA,27,6,3855,11/19/2024,@venicialolol,ABS2wekU0EA
https://www.youtube.com//shorts/ogX9puB2fFs,11,0,622,11/18/2024,@chelsierinkus,ogX9puB2fFs
https://www.youtube.com//shorts/3kLVrYZRRN4,118,0,15000,11/18/2024,@emilie-s7q,3kLVrYZRRN4
https://www.youtube.com//shorts/nhuy2y_fY_8,7,0,455,11/18/2024,@alpechahunter,nhuy2y_fY_8
https://www.youtube.com//shorts/dj5oa74nQAY,30,1,485,11/18/2024,@haydeeprovazek,dj5oa74nQAY
https://www.youtube.com//shorts/l-UuDm7X5pg,12,0,426,11/18/2024,@baobo-k6h,l-UuDm7X5pg
https://www.youtube.com//shorts/IygyJswiRhk,5,0,474,11/18/2024,@annunziata-y6u,IygyJswiRhk
https://www.youtube.com//shorts/3a5rqLvldUg,48,2,6795,11/18/2024,@venicialolol,3a5rqLvldUg
https://www.youtube.com//shorts/2K91ZwLXLIQ,10,0,542,11/18/2024,@barmanpsicologa,2K91ZwLXLIQ
https://www.youtube.com//shorts/SYH_ZGXTC1c,92,1,8715,11/17/2024,@chelsierinkus,SYH_ZGXTC1c
https://www.youtube.com//shorts/COlVAO2RB40,119,1,7478,11/16/2024,@alpechahunter,COlVAO2RB40
https://www.youtube.com//shorts/m_YyNTsLnso,112,1,2672,11/16/2024,@haydeeprovazek,m_YyNTsLnso
https://www.youtube.com//shorts/PdTqarDJheA,62,3,9249,11/16/2024,@baobo-k6h,PdTqarDJheA
https://www.youtube.com//shorts/OiqwX8pEDUk,12,0,1100,11/16/2024,@annunziata-y6u,OiqwX8pEDUk
https://www.youtube.com//shorts/V90f-H-T2Sc,1,0,33,11/16/2024,@venicialolol,V90f-H-T2Sc
https://www.youtube.com//shorts/uFA3D4wf9QE,100,0,16000,11/14/2024,@emilie-s7q,uFA3D4wf9QE
https://www.youtube.com//shorts/IAdU5O-IOAU,75,0,16000,11/14/2024,@emilie-s7q,IAdU5O-IOAU
https://www.youtube.com//shorts/6uNIFxMIlf8,225,1,13000,11/14/2024,@alpechahunter,6uNIFxMIlf8
https://www.youtube.com//shorts/ArqAsg8UU1Y,451,3,10000,11/14/2024,@haydeeprovazek,ArqAsg8UU1Y
https://www.youtube.com//shorts/A6tosI6QkZw,10,0,468,11/14/2024,@baobo-k6h,A6tosI6QkZw
https://www.youtube.com//shorts/FJ6sSL-X6aw,8,0,414,11/14/2024,@annunziata-y6u,FJ6sSL-X6aw
https://www.youtube.com//shorts/QxC8YuH5QmA,59,1,8134,11/14/2024,@venicialolol,QxC8YuH5QmA
https://www.youtube.com//shorts/8j0EJLEMHfs,18,0,427,11/14/2024,@barmanpsicologa,8j0EJLEMHfs
https://www.youtube.com//shorts/KSDDZtChVfI,80,1,6262,11/13/2024,@chelsierinkus,KSDDZtChVfI
https://www.youtube.com//shorts/Un0wGiAQVhQ,43,0,6614,11/13/2024,@alpechahunter,Un0wGiAQVhQ
https://www.youtube.com//shorts/WHizQAtOLIc,7,0,428,11/13/2024,@alpechahunter,WHizQAtOLIc
https://www.youtube.com//shorts/TYGS4KilRu4,15,0,441,11/13/2024,@haydeeprovazek,TYGS4KilRu4
https://www.youtube.com//shorts/Nwn-DDTI5p4,12,0,576,11/13/2024,@haydeeprovazek,Nwn-DDTI5p4
https://www.youtube.com//shorts/vVjCjn6WgNA,68,0,8787,11/13/2024,@baobo-k6h,vVjCjn6WgNA
https://www.youtube.com//shorts/4nTGNUjRE6k,108,0,10000,11/13/2024,@baobo-k6h,4nTGNUjRE6k
https://www.youtube.com//shorts/_Q1XORI3O8o,4,0,465,11/13/2024,@annunziata-y6u,_Q1XORI3O8o
https://www.youtube.com//shorts/0tc5R5JymHs,4,0,547,11/13/2024,@annunziata-y6u,0tc5R5JymHs
https://www.youtube.com//shorts/bgN-9s8pHWg,57,0,8442,11/13/2024,@venicialolol,bgN-9s8pHWg
https://www.youtube.com//shorts/gQa3vFf_UwA,109,4,14000,11/13/2024,@venicialolol,gQa3vFf_UwA
https://www.youtube.com//shorts/TUZqTWKVq2g,220,0,28000,11/13/2024,@barmanpsicologa,TUZqTWKVq2g
https://www.youtube.com//shorts/eaj-uNlqGiE,101,0,14000,11/11/2024,@chelsierinkus,eaj-uNlqGiE
https://www.youtube.com//shorts/-HE8x3Bjdq0,23,0,717,11/11/2024,@emilie-s7q,#NAME?
https://www.youtube.com//shorts/hVbbzoAbQI8,178,0,15000,11/11/2024,@alpechahunter,hVbbzoAbQI8
https://www.youtube.com//shorts/wtVqYYvk95U,21,0,526,11/11/2024,@haydeeprovazek,wtVqYYvk95U
https://www.youtube.com//shorts/UDHQSCigcaw,108,1,14000,11/11/2024,@baobo-k6h,UDHQSCigcaw
https://www.youtube.com//shorts/Uen-aQFvPZg,11,0,612,11/11/2024,@annunziata-y6u,Uen-aQFvPZg
https://www.youtube.com//shorts/xv77OESb2ug,1,0,176,11/11/2024,@barmanpsicologa,xv77OESb2ug
https://www.youtube.com//shorts/Lmvfce3w1LE,54,3,1681,11/10/2024,@emilie-s7q,Lmvfce3w1LE
https://www.youtube.com//shorts/unNjs5bU6LU,58,1,11000,11/9/2024,@alpechahunter,unNjs5bU6LU
https://www.youtube.com//shorts/eL_QBTRIKFE,37,0,1351,11/9/2024,@haydeeprovazek,eL_QBTRIKFE
https://www.youtube.com//shorts/ffZKfQnMS3U,57,0,11000,11/9/2024,@baobo-k6h,ffZKfQnMS3U
https://www.youtube.com//shorts/fgnB5BO7AP4,1,0,194,11/9/2024,@venicialolol,fgnB5BO7AP4
https://www.youtube.com//shorts/21of3QL31F4,106,1,11000,11/9/2024,@barmanpsicologa,21of3QL31F4
https://www.youtube.com//shorts/3vvfoXDhoX0,6,0,483,11/8/2024,@chelsierinkus,3vvfoXDhoX0
https://www.youtube.com//shorts/LJjub2fdjKk,112,0,15000,11/8/2024,@emilie-s7q,LJjub2fdjKk
https://www.youtube.com//shorts/mFrj5JFttzA,111,1,14000,11/7/2024,@alpechahunter,mFrj5JFttzA
https://www.youtube.com//shorts/lOvf9z8wWUA,91,0,15000,11/7/2024,@haydeeprovazek,lOvf9z8wWUA
https://www.youtube.com//shorts/snUSYmpnZnk,11,0,566,11/7/2024,@baobo-k6h,snUSYmpnZnk
https://www.youtube.com//shorts/wu8HJRr616U,7,0,543,11/7/2024,@annunziata-y6u,wu8HJRr616U
https://www.youtube.com//shorts/x9LXIDunzi8,95,1,16000,11/7/2024,@venicialolol,x9LXIDunzi8
https://www.youtube.com//shorts/p9_rV9lMQvE,99,1,14000,11/7/2024,@barmanpsicologa,p9_rV9lMQvE
https://www.youtube.com//shorts/VnRIabyRYu0,225,0,14000,11/6/2024,@chelsierinkus,VnRIabyRYu0
https://www.youtube.com//shorts/50rhGyRR6aE,101,0,13000,11/6/2024,@chelsierinkus,50rhGyRR6aE
https://www.youtube.com//shorts/mWqqNjX9lQg,16,0,520,11/6/2024,@emilie-s7q,mWqqNjX9lQg
https://www.youtube.com//shorts/AXdnzZ8DTMI,151,0,15000,11/6/2024,@alpechahunter,AXdnzZ8DTMI
https://www.youtube.com//shorts/VxWlZSgpNUU,153,3,3772,11/6/2024,@haydeeprovazek,VxWlZSgpNUU
https://www.youtube.com//shorts/Ff4OWzl5fV8,91,1,15000,11/6/2024,@baobo-k6h,Ff4OWzl5fV8
https://www.youtube.com//shorts/AzC-neXdb1g,5,0,495,11/6/2024,@annunziata-y6u,AzC-neXdb1g
https://www.youtube.com//shorts/MJ4bPo9oH_c,2,0,120,11/6/2024,@venicialolol,MJ4bPo9oH_c
https://www.youtube.com//shorts/Z4wGyDzYfCQ,9,0,609,11/4/2024,@chelsierinkus,Z4wGyDzYfCQ
https://www.youtube.com//shorts/k0VsIeLZ71M,13,0,1416,11/4/2024,@chelsierinkus,k0VsIeLZ71M
https://www.youtube.com//shorts/kzoTplFVzhU,88,0,7613,11/4/2024,@emilie-s7q,kzoTplFVzhU
https://www.youtube.com//shorts/6BHtV9xQjMQ,158,0,15000,11/4/2024,@emilie-s7q,6BHtV9xQjMQ
https://www.youtube.com//shorts/ndA1bIPJzcU,41,0,6850,11/4/2024,@alpechahunter,ndA1bIPJzcU
https://www.youtube.com//shorts/izw0RgnCHzY,126,0,15000,11/4/2024,@haydeeprovazek,izw0RgnCHzY
https://www.youtube.com//shorts/IdFam4k1tsY,89,0,13000,11/4/2024,@baobo-k6h,IdFam4k1tsY
https://www.youtube.com//shorts/vo11VklXXUQ,85,1,9763,11/4/2024,@annunziata-y6u,vo11VklXXUQ
https://www.youtube.com//shorts/dCKLMQB1yvE,97,0,15000,11/4/2024,@venicialolol,dCKLMQB1yvE
https://www.youtube.com//shorts/FdRx8F_zJY8,125,0,15000,11/3/2024,@alpechahunter,FdRx8F_zJY8
https://www.youtube.com//shorts/9rRo6ucVZ1A,112,0,15000,11/3/2024,@haydeeprovazek,9rRo6ucVZ1A
https://www.youtube.com//shorts/1XtG0ud-D1U,167,5,15000,11/3/2024,@baobo-k6h,1XtG0ud-D1U
https://www.youtube.com//shorts/DbiG1biqI20,67,1,6904,11/3/2024,@annunziata-y6u,DbiG1biqI20
https://www.youtube.com//shorts/J3Yn8fvqN9U,126,0,16000,11/3/2024,@venicialolol,J3Yn8fvqN9U
https://www.youtube.com//shorts/8bEDE7D4l4s,126,0,16000,10/31/2024,@chelsierinkus,8bEDE7D4l4s
https://www.youtube.com//shorts/FZTobpRJyv8,95,4,6084,10/31/2024,@emilie-s7q,FZTobpRJyv8
https://www.youtube.com//shorts/cKoKKx5kApQ,74,0,7038,10/31/2024,@alpechahunter,cKoKKx5kApQ
https://www.youtube.com//shorts/hUx8h8vwOJo,164,0,15000,10/31/2024,@haydeeprovazek,hUx8h8vwOJo
https://www.youtube.com//shorts/x31GfzRRUkc,166,0,16000,10/31/2024,@baobo-k6h,x31GfzRRUkc
https://www.youtube.com//shorts/U-CmpiajUYQ,43,1,3753,10/31/2024,@annunziata-y6u,U-CmpiajUYQ
https://www.youtube.com//shorts/rv3LFxTalt8,6,0,514,10/31/2024,@venicialolol,rv3LFxTalt8
https://www.youtube.com//shorts/dqG_J1XUZ3E,138,1,15000,10/30/2024,@chelsierinkus,dqG_J1XUZ3E
https://www.youtube.com//shorts/Dq-X5QkHrEg,51,0,6033,10/30/2024,@alpechahunter,Dq-X5QkHrEg
https://www.youtube.com//shorts/YCotQU4g2R4,167,1,15000,10/30/2024,@haydeeprovazek,YCotQU4g2R4
https://www.youtube.com//shorts/kWAqyM3bu4o,8,0,870,10/30/2024,@baobo-k6h,kWAqyM3bu4o
https://www.youtube.com//shorts/2sNueBHmijk,43,1,1429,10/30/2024,@annunziata-y6u,2sNueBHmijk
https://www.youtube.com//shorts/WBirgpvP4JQ,69,0,12000,10/30/2024,@venicialolol,WBirgpvP4JQ
https://www.youtube.com//shorts/c4u4ogIJl5o,14,0,194,10/29/2024,@chelsierinkus,c4u4ogIJl5o
https://www.youtube.com//shorts/Zx8fPrMWthg,151,0,15000,10/29/2024,@emilie-s7q,Zx8fPrMWthg
https://www.youtube.com//shorts/i5zKwQyeDJs,156,0,10000,10/29/2024,@alpechahunter,i5zKwQyeDJs
https://www.youtube.com//shorts/i6ERfDtt-cY,142,5,15000,10/29/2024,@haydeeprovazek,i6ERfDtt-cY
https://www.youtube.com//shorts/sa1rggbJ0nE,5,0,628,10/29/2024,@baobo-k6h,sa1rggbJ0nE
https://www.youtube.com//shorts/SPHjqgtNaIw,85,0,12000,10/29/2024,@annunziata-y6u,SPHjqgtNaIw
https://www.youtube.com//shorts/4iJ8rvv_ACc,55,0,11000,10/29/2024,@venicialolol,4iJ8rvv_ACc
https://www.youtube.com//shorts/Nf910eGqXUc,164,0,15000,10/28/2024,@chelsierinkus,Nf910eGqXUc
https://www.youtube.com//shorts/7DuArzbTTu8,177,0,15000,10/28/2024,@chelsierinkus,7DuArzbTTu8
https://www.youtube.com//shorts/0SRNn6cOJxQ,99,0,13000,10/28/2024,@emilie-s7q,0SRNn6cOJxQ
https://www.youtube.com//shorts/jogbBC57tWE,216,0,15000,10/28/2024,@alpechahunter,jogbBC57tWE
https://www.youtube.com//shorts/1g-JmVXrs4k,57,0,3390,10/28/2024,@haydeeprovazek,1g-JmVXrs4k
https://www.youtube.com//shorts/0rNKjghi8A4,183,1,15000,10/28/2024,@baobo-k6h,0rNKjghi8A4
https://www.youtube.com//shorts/pp5Xyj0gL30,107,3,13000,10/28/2024,@annunziata-y6u,pp5Xyj0gL30
https://www.youtube.com//shorts/VQA6jWGKy2s,129,0,15000,10/28/2024,@venicialolol,VQA6jWGKy2s
https://www.youtube.com//shorts/rtE7Gvz-udU,220,1,15000,10/26/2024,@alpechahunter,rtE7Gvz-udU
https://www.youtube.com//shorts/Z0_f9l3-p3E,129,0,16000,10/26/2024,@haydeeprovazek,Z0_f9l3-p3E
https://www.youtube.com//shorts/jg8Lx5FFCB0,125,0,15000,10/26/2024,@baobo-k6h,jg8Lx5FFCB0
https://www.youtube.com//shorts/y01nFUBnBf4,94,0,14000,10/26/2024,@annunziata-y6u,y01nFUBnBf4
https://www.youtube.com//shorts/aPPf545qFg4,7,0,1042,10/26/2024,@venicialolol,aPPf545qFg4
https://www.youtube.com//shorts/TSJGWxQUKiE,129,0,15000,10/23/2024,@chelsierinkus,TSJGWxQUKiE
https://www.youtube.com//shorts/PWVBWbHp8CE,194,0,15000,10/23/2024,@alpechahunter,PWVBWbHp8CE
https://www.youtube.com//shorts/kpq2DDwy3as,38,1,6516,10/23/2024,@haydeeprovazek,kpq2DDwy3as
https://www.youtube.com//shorts/8gjsK8SkMM0,116,2,15000,10/23/2024,@baobo-k6h,8gjsK8SkMM0
https://www.youtube.com//shorts/rbajxCbhbs0,131,0,16000,10/23/2024,@annunziata-y6u,rbajxCbhbs0
https://www.youtube.com//shorts/VPPzMXoBHVA,32,1,5724,10/23/2024,@venicialolol,VPPzMXoBHVA
https://www.youtube.com//shorts/JUoy_N-GttI,54,0,8149,10/22/2024,@chelsierinkus,JUoy_N-GttI
https://www.youtube.com//shorts/CENumv5PeC8,27,0,5355,10/22/2024,@alpechahunter,CENumv5PeC8
https://www.youtube.com//shorts/zT-Qs9ZBQI4,112,0,13000,10/22/2024,@haydeeprovazek,zT-Qs9ZBQI4
https://www.youtube.com//shorts/yoEj3rZuXI4,170,0,15000,10/22/2024,@baobo-k6h,yoEj3rZuXI4
https://www.youtube.com//shorts/OObBxUtuoys,179,2,15000,10/22/2024,@annunziata-y6u,OObBxUtuoys
https://www.youtube.com//shorts/B1-eQ03iU-0,7,0,503,10/22/2024,@venicialolol,B1-eQ03iU-0
https://www.youtube.com//shorts/qKyiEda87Co,3,0,1974,10/22/2024,@venicialolol,qKyiEda87Co
https://www.youtube.com//shorts/XL_fLfreRTw,36,3,4768,10/21/2024,@chelsierinkus,XL_fLfreRTw
https://www.youtube.com//shorts/NlHgeiWrPBA,174,0,16000,10/21/2024,@emilie-s7q,NlHgeiWrPBA
https://www.youtube.com//shorts/tMDxH3bHDZo,47,1,5102,10/21/2024,@alpechahunter,tMDxH3bHDZo
https://www.youtube.com//shorts/U6ydyavrMpE,100,5,14000,10/21/2024,@haydeeprovazek,U6ydyavrMpE
https://www.youtube.com//shorts/hA-NfF47MM0,159,0,15000,10/21/2024,@baobo-k6h,hA-NfF47MM0
https://www.youtube.com//shorts/29hn1mWLIes,30,0,2229,10/21/2024,@annunziata-y6u,29hn1mWLIes
https://www.youtube.com//shorts/F8l0h4qfZls,64,0,11000,10/20/2024,@chelsierinkus,F8l0h4qfZls
https://www.youtube.com//shorts/5No663l7SBE,106,0,11000,10/19/2024,@alpechahunter,5No663l7SBE
https://www.youtube.com//shorts/6qZHdoAlBrI,80,0,9781,10/19/2024,@haydeeprovazek,6qZHdoAlBrI
https://www.youtube.com//shorts/Xd1CzaGteDQ,2,0,472,10/19/2024,@baobo-k6h,Xd1CzaGteDQ
https://www.youtube.com//shorts/AwgNg5VOdYU,34,0,3154,10/19/2024,@annunziata-y6u,AwgNg5VOdYU
https://www.youtube.com//shorts/uXWR1S-Ma5Y,164,1,15000,10/19/2024,@venicialolol,uXWR1S-Ma5Y
https://www.youtube.com//shorts/JIZHVbdVcUg,54,0,9411,10/17/2024,@chelsierinkus,JIZHVbdVcUg
https://www.youtube.com//shorts/GLneJDhmOGA,163,1,14000,10/17/2024,@emilie-s7q,GLneJDhmOGA
https://www.youtube.com//shorts/Vrr_6EPPVKs,67,0,10000,10/17/2024,@alpechahunter,Vrr_6EPPVKs
https://www.youtube.com//shorts/aef35crXtcE,56,2,12000,10/17/2024,@haydeeprovazek,aef35crXtcE
https://www.youtube.com//shorts/Ubb7Av9-OXs,474,11,11000,10/17/2024,@haydeeprovazek,Ubb7Av9-OXs
https://www.youtube.com//shorts/3EaUnKdcyI8,158,0,15000,10/17/2024,@baobo-k6h,3EaUnKdcyI8
https://www.youtube.com//shorts/0TV3o4KwiD4,243,4,15000,10/17/2024,@annunziata-y6u,0TV3o4KwiD4
https://www.youtube.com//shorts/cS_Y0YMrhSQ,1,0,910,10/17/2024,@venicialolol,cS_Y0YMrhSQ
https://www.youtube.com//shorts/u18y-7kKgwQ,12,1,2976,10/16/2024,@chelsierinkus,u18y-7kKgwQ
https://www.youtube.com//shorts/QLSZZxKMIBE,99,0,12000,10/16/2024,@emilie-s7q,QLSZZxKMIBE
https://www.youtube.com//shorts/H4IoJrrmjTM,48,0,3336,10/15/2024,@alpechahunter,H4IoJrrmjTM
https://www.youtube.com//shorts/v4k5q_x-g_8,75,1,15000,10/15/2024,@haydeeprovazek,v4k5q_x-g_8
https://www.youtube.com//shorts/TAHW5xRQB6M,38,1,3006,10/15/2024,@baobo-k6h,TAHW5xRQB6M
https://www.youtube.com//shorts/iIlgJ22mKr8,37,1,7385,10/15/2024,@annunziata-y6u,iIlgJ22mKr8
https://www.youtube.com//shorts/bbvqJHn5Kxw,69,0,9070,10/15/2024,@venicialolol,bbvqJHn5Kxw
https://www.youtube.com//shorts/G79dtGzmbt4,79,3,14000,10/14/2024,@chelsierinkus,G79dtGzmbt4
https://www.youtube.com//shorts/HrXWb9weGYg,213,0,23000,10/14/2024,@emilie-s7q,HrXWb9weGYg
https://www.youtube.com//shorts/QbS_hn_Luww,42,0,6900,10/14/2024,@emilie-s7q,QbS_hn_Luww
https://www.youtube.com//shorts/aT3fkm2D6AU,104,0,12000,10/14/2024,@alpechahunter,aT3fkm2D6AU
https://www.youtube.com//shorts/pYaAJu87yzM,136,1,14000,10/14/2024,@haydeeprovazek,pYaAJu87yzM
https://www.youtube.com//shorts/kungd2vwrQg,1,0,2163,10/14/2024,@baobo-k6h,kungd2vwrQg
https://www.youtube.com//shorts/ZqOGrDRxFaI,119,0,10000,10/14/2024,@annunziata-y6u,ZqOGrDRxFaI
https://www.youtube.com//shorts/XZjmS6csBQQ,78,4,16000,10/14/2024,@venicialolol,XZjmS6csBQQ
https://www.youtube.com//shorts/ip20Nsn5Fp0,44,0,8430,10/13/2024,@alpechahunter,ip20Nsn5Fp0
https://www.youtube.com//shorts/9ipx9hNzBGw,28,0,1886,10/13/2024,@haydeeprovazek,9ipx9hNzBGw
https://www.youtube.com//shorts/YJWuPRkN10M,7,0,420,10/13/2024,@baobo-k6h,YJWuPRkN10M
https://www.youtube.com//shorts/-eQW5JUzUQI,116,2,10000,10/13/2024,@annunziata-y6u,#NAME?
https://www.youtube.com//shorts/WiyHwJJbBUA,70,0,12000,10/11/2024,@emilie-s7q,WiyHwJJbBUA
https://www.youtube.com//shorts/DOU1VUd7ZhQ,180,1,17000,10/11/2024,@haydeeprovazek,DOU1VUd7ZhQ
https://www.youtube.com//shorts/hvAHAsoadVg,18,1,2495,10/11/2024,@baobo-k6h,hvAHAsoadVg
https://www.youtube.com//shorts/ECZQIL9nRms,145,1,16000,10/11/2024,@annunziata-y6u,ECZQIL9nRms
https://www.youtube.com//shorts/o-6BJ4e6qsg,10,3,1007,10/11/2024,@venicialolol,o-6BJ4e6qsg
https://www.youtube.com//shorts/5Ih40W9iNZ4,78,0,11000,10/10/2024,@chelsierinkus,5Ih40W9iNZ4
https://www.youtube.com//shorts/Msrz0TGnEkU,331,1,15000,10/10/2024,@emilie-s7q,Msrz0TGnEkU
https://www.youtube.com//shorts/aDzSqtKPRj0,54,5,4923,10/10/2024,@haydeeprovazek,aDzSqtKPRj0
https://www.youtube.com//shorts/Gy2gTwfD5jY,134,0,16000,10/10/2024,@baobo-k6h,Gy2gTwfD5jY
https://www.youtube.com//shorts/9c1VTIBNRn0,184,6,17000,10/10/2024,@annunziata-y6u,9c1VTIBNRn0
https://www.youtube.com//shorts/AohKXX0w0ok,4,0,285,10/10/2024,@venicialolol,AohKXX0w0ok
https://www.youtube.com//shorts/3Cz_WhWMQ3g,320,0,21000,10/9/2024,@chelsierinkus,3Cz_WhWMQ3g
https://www.youtube.com//shorts/MQImS5gpJfM,110,0,13000,10/9/2024,@emilie-s7q,MQImS5gpJfM
https://www.youtube.com//shorts/rKXmNHxsI8k,63,0,9913,10/9/2024,@alpechahunter,rKXmNHxsI8k
https://www.youtube.com//shorts/tr04eDoYREA,99,1,13000,10/9/2024,@alpechahunter,tr04eDoYREA
https://www.youtube.com//shorts/QfYEOrpLnPQ,60,3,10000,10/9/2024,@haydeeprovazek,QfYEOrpLnPQ
https://www.youtube.com//shorts/S5u2xaNTtzA,7,0,57,10/9/2024,@haydeeprovazek,S5u2xaNTtzA
https://www.youtube.com//shorts/Ayw6siR4gTY,114,1,15000,10/9/2024,@baobo-k6h,Ayw6siR4gTY
https://www.youtube.com//shorts/z68UR6cW-7g,142,0,13000,10/9/2024,@baobo-k6h,z68UR6cW-7g
https://www.youtube.com//shorts/j3pmCR5FlqQ,99,1,7902,10/9/2024,@annunziata-y6u,j3pmCR5FlqQ
https://www.youtube.com//shorts/spNd5WDUiiE,67,3,11000,10/9/2024,@annunziata-y6u,spNd5WDUiiE
https://www.youtube.com//shorts/B6VUoPT7sG4,124,0,15000,10/9/2024,@venicialolol,B6VUoPT7sG4
https://www.youtube.com//shorts/bCwibfdET4I,39,0,8665,10/8/2024,@chelsierinkus,bCwibfdET4I
https://www.youtube.com//shorts/2Ht7i6hxnGg,395,0,15000,10/8/2024,@emilie-s7q,2Ht7i6hxnGg
https://www.youtube.com//shorts/59G_byDIKXU,145,1,16000,10/7/2024,@chelsierinkus,59G_byDIKXU
https://www.youtube.com//shorts/YZfXf_99DOw,119,0,11000,10/7/2024,@emilie-s7q,YZfXf_99DOw
https://www.youtube.com//shorts/u5eDsqb6SgE,127,0,10000,10/7/2024,@emilie-s7q,u5eDsqb6SgE
https://www.youtube.com//shorts/JjDio6YfTZU,14,0,2201,10/7/2024,@alpechahunter,JjDio6YfTZU
https://www.youtube.com//shorts/SWrB2N0L-po,10,0,1867,10/7/2024,@haydeeprovazek,SWrB2N0L-po
https://www.youtube.com//shorts/QNeWt4wamyo,125,1,14000,10/7/2024,@baobo-k6h,QNeWt4wamyo
https://www.youtube.com//shorts/VH9O571SvN0,240,4,16000,10/7/2024,@annunziata-y6u,VH9O571SvN0
https://www.youtube.com//shorts/ALq1ujTIan8,142,0,15000,10/7/2024,@venicialolol,ALq1ujTIan8
https://www.youtube.com//shorts/NvUdhF0hTa0,22,0,2490,10/6/2024,@chelsierinkus,NvUdhF0hTa0
https://www.youtube.com//shorts/JfXRkev0gq4,57,3,9074,10/6/2024,@alpechahunter,JfXRkev0gq4
https://www.youtube.com//shorts/gnWZORzqEpg,206,0,15000,10/6/2024,@annunziata-y6u,gnWZORzqEpg
https://www.youtube.com//shorts/fAJ1uRlAjVc,2,0,294,10/6/2024,@venicialolol,fAJ1uRlAjVc
https://www.youtube.com//shorts/PGoVxxKmRRM,115,4,14000,10/6/2024,@venicialolol,PGoVxxKmRRM
https://www.youtube.com//shorts/rwxKIrsTtpM,12,0,1234,10/5/2024,@emilie-s7q,rwxKIrsTtpM
https://www.youtube.com//shorts/njHrzfTzuuY,34,0,4754,10/4/2024,@chelsierinkus,njHrzfTzuuY
https://www.youtube.com//shorts/X5oJcEFMJnk,136,0,13000,10/3/2024,@alpechahunter,X5oJcEFMJnk
https://www.youtube.com//shorts/HANjy9kCV2U,250,9,15000,10/3/2024,@haydeeprovazek,HANjy9kCV2U
https://www.youtube.com//shorts/-f3T361VrXg,60,1,9555,10/3/2024,@baobo-k6h,#NAME?
https://www.youtube.com//shorts/2SKcjv1klf8,96,7,7444,10/3/2024,@annunziata-y6u,2SKcjv1klf8
https://www.youtube.com//shorts/KN2IcN2zHwE,15,12,1145,10/3/2024,@venicialolol,KN2IcN2zHwE
https://www.youtube.com//shorts/LZd8EKu_nQs,39,0,2982,10/2/2024,@chelsierinkus,LZd8EKu_nQs
https://www.youtube.com//shorts/ObGYKEjd6Y0,23,0,2832,10/2/2024,@emilie-s7q,ObGYKEjd6Y0
https://www.youtube.com//shorts/XrvtwqUZiWw,66,0,10000,10/1/2024,@alpechahunter,XrvtwqUZiWw
https://www.youtube.com//shorts/Z8xh-cGNwAc,187,1,16000,10/1/2024,@haydeeprovazek,Z8xh-cGNwAc
https://www.youtube.com//shorts/he9vEilIAT4,22,0,2090,10/1/2024,@baobo-k6h,he9vEilIAT4
https://www.youtube.com//shorts/mFDYqdn0Rdc,171,0,15000,10/1/2024,@annunziata-y6u,mFDYqdn0Rdc
https://www.youtube.com//shorts/6NpsBrA0Q7Y,154,0,20000,10/1/2024,@venicialolol,6NpsBrA0Q7Y
https://www.youtube.com//shorts/CtrTXQPBQQ4,77,0,11000,9/29/2024,@chelsierinkus,CtrTXQPBQQ4
https://www.youtube.com//shorts/CiokFzWZZ7U,261,0,19000,9/29/2024,@emilie-s7q,CiokFzWZZ7U
https://www.youtube.com//shorts/AILsgpJ5OKs,141,0,15000,9/29/2024,@annunziata-y6u,AILsgpJ5OKs
https://www.youtube.com//shorts/9GsTcvTG62c,62,2,7466,9/28/2024,@alpechahunter,9GsTcvTG62c
https://www.youtube.com//shorts/lh85pzqycvw,186,3,16000,9/28/2024,@baobo-k6h,lh85pzqycvw
https://www.youtube.com//shorts/C3gdpG99WME,68,4,15000,9/28/2024,@venicialolol,C3gdpG99WME
https://www.youtube.com//shorts/2bipG6swtiA,390,3,25000,9/26/2024,@emilie-s7q,2bipG6swtiA
https://www.youtube.com//shorts/6sTdvJmPZJs,54,0,10000,9/26/2024,@alpechahunter,6sTdvJmPZJs
https://www.youtube.com//shorts/mLpjAgkxgnU,68,1,12000,9/26/2024,@haydeeprovazek,mLpjAgkxgnU
https://www.youtube.com//shorts/Y3eoBb07mlI,85,0,15000,9/26/2024,@baobo-k6h,Y3eoBb07mlI
https://www.youtube.com//shorts/zvLvYfVfyLw,98,0,14000,9/26/2024,@annunziata-y6u,zvLvYfVfyLw
https://www.youtube.com//shorts/tCVTpK9zcF0,39,0,7029,9/25/2024,@chelsierinkus,tCVTpK9zcF0
https://www.youtube.com//shorts/MUpihxzE55Y,175,0,16000,9/25/2024,@emilie-s7q,MUpihxzE55Y
https://www.youtube.com//shorts/xdxgUBo--kc,49,1,5678,9/25/2024,@alpechahunter,xdxgUBo--kc
https://www.youtube.com//shorts/Eu2PyTdDoLE,132,0,13000,9/25/2024,@haydeeprovazek,Eu2PyTdDoLE
https://www.youtube.com//shorts/XA8PAK7RtaI,82,0,8747,9/25/2024,@baobo-k6h,XA8PAK7RtaI
https://www.youtube.com//shorts/Lmd7wgtMyBE,92,3,13000,9/25/2024,@annunziata-y6u,Lmd7wgtMyBE
https://www.youtube.com//shorts/9z2Glb84GhI,93,0,13000,9/24/2024,@chelsierinkus,9z2Glb84GhI
https://www.youtube.com//shorts/PxwCSdMH5vE,203,6,10000,9/24/2024,@emilie-s7q,PxwCSdMH5vE
https://www.youtube.com//shorts/Qo3pmZxjmc0,38,0,6039,9/24/2024,@alpechahunter,Qo3pmZxjmc0
https://www.youtube.com//shorts/VVk8b-tKEHo,110,3,15000,9/24/2024,@haydeeprovazek,VVk8b-tKEHo
https://www.youtube.com//shorts/PKDBcqZ_O1o,101,0,11000,9/24/2024,@baobo-k6h,PKDBcqZ_O1o
https://www.youtube.com//shorts/nV8M9GLHE44,28,0,3682,9/24/2024,@annunziata-y6u,nV8M9GLHE44
https://www.youtube.com//shorts/zwAPvtpKKvI,78,0,10000,9/23/2024,@chelsierinkus,zwAPvtpKKvI
https://www.youtube.com//shorts/0MiB09LUAOA,44,0,5100,9/23/2024,@chelsierinkus,0MiB09LUAOA
https://www.youtube.com//shorts/4mba0aNMUjY,112,0,14000,9/23/2024,@emilie-s7q,4mba0aNMUjY
https://www.youtube.com//shorts/9D10ialtIMc,25,6,2615,9/23/2024,@emilie-s7q,9D10ialtIMc
https://www.youtube.com//shorts/wW-Cm074XTg,83,0,10000,9/23/2024,@alpechahunter,wW-Cm074XTg
https://www.youtube.com//shorts/oVr-p8iABXY,119,1,9131,9/23/2024,@haydeeprovazek,oVr-p8iABXY
https://www.youtube.com//shorts/XFCVqGWLFKU,177,0,15000,9/23/2024,@baobo-k6h,XFCVqGWLFKU
https://www.youtube.com//shorts/MueFGnkvVy8,134,2,13000,9/23/2024,@annunziata-y6u,MueFGnkvVy8
https://www.youtube.com//shorts/8JrdQe8cR1Y,80,6,13000,9/22/2024,@alpechahunter,8JrdQe8cR1Y
https://www.youtube.com//shorts/7e3xVJrJkPQ,2,0,133,9/22/2024,@haydeeprovazek,7e3xVJrJkPQ
https://www.youtube.com//shorts/L4y3W4FU_Cc,152,1,16000,9/22/2024,@baobo-k6h,L4y3W4FU_Cc
https://www.youtube.com//shorts/xPPJ6VYbMzQ,22,1,3597,9/22/2024,@annunziata-y6u,xPPJ6VYbMzQ
https://www.youtube.com//shorts/drVihP4eo5Y,291,0,12000,9/21/2024,@alpechahunter,drVihP4eo5Y
https://www.youtube.com//shorts/ZOwBbpHbaxo,117,0,14000,9/21/2024,@haydeeprovazek,ZOwBbpHbaxo
https://www.youtube.com//shorts/--T7Lrbm7tc,167,2,15000,9/21/2024,@baobo-k6h,#NAME?
https://www.youtube.com//shorts/J1KUyMlWG1E,58,0,11000,9/21/2024,@annunziata-y6u,J1KUyMlWG1E
https://www.youtube.com//shorts/mxcz3u_tqTo,138,0,11000,9/20/2024,@chelsierinkus,mxcz3u_tqTo
https://www.youtube.com//shorts/xSG1eWSnSLs,96,1,12000,9/19/2024,@chelsierinkus,xSG1eWSnSLs
https://www.youtube.com//shorts/p9X4Qa368wU,72,1,10000,9/19/2024,@chelsierinkus,p9X4Qa368wU
https://www.youtube.com//shorts/Vs4uWrJbl2o,12,1,1208,9/19/2024,@emilie-s7q,Vs4uWrJbl2o
https://www.youtube.com//shorts/RsPh7quqROw,78,2,5348,9/19/2024,@emilie-s7q,RsPh7quqROw
https://www.youtube.com//shorts/vLTQDQpIU9U,79,0,12000,9/19/2024,@alpechahunter,vLTQDQpIU9U
https://www.youtube.com//shorts/Z5fUxDOCjEs,17,1,3256,9/19/2024,@haydeeprovazek,Z5fUxDOCjEs
https://www.youtube.com//shorts/Mz411yzRxgY,22,1,2097,9/19/2024,@baobo-k6h,Mz411yzRxgY
https://www.youtube.com//shorts/P7522-BQz1k,161,1,13000,9/19/2024,@annunziata-y6u,P7522-BQz1k
https://www.youtube.com//shorts/zyrV8UbHGXY,107,0,10000,9/18/2024,@alpechahunter,zyrV8UbHGXY
https://www.youtube.com//shorts/nCaVmdEGau0,94,1,11000,9/18/2024,@haydeeprovazek,nCaVmdEGau0
https://www.youtube.com//shorts/Hd6eC5xYpKs,134,1,14000,9/18/2024,@baobo-k6h,Hd6eC5xYpKs
https://www.youtube.com//shorts/RL2td8gLbEM,193,3,10000,9/18/2024,@annunziata-y6u,RL2td8gLbEM
https://www.youtube.com//shorts/2-qECyEmPlM,93,1,10000,9/16/2024,@alpechahunter,2-qECyEmPlM
https://www.youtube.com//shorts/-QCkLkyZVV0,99,12,10000,9/16/2024,@haydeeprovazek,#NAME?
https://www.youtube.com//shorts/rKaSSRvWmQ0,42,2,5776,9/16/2024,@baobo-k6h,rKaSSRvWmQ0
https://www.youtube.com//shorts/3ObCOHNlndg,26,0,1152,9/16/2024,@annunziata-y6u,3ObCOHNlndg
https://www.youtube.com//shorts/Rkd66xHcb-o,25,0,2148,9/14/2024,@chelsierinkus,Rkd66xHcb-o
https://www.youtube.com//shorts/gejz810sazY,308,10,11000,9/14/2024,@emilie-s7q,gejz810sazY
https://www.youtube.com//shorts/5SpTr7tudYQ,189,0,15000,9/13/2024,@chelsierinkus,5SpTr7tudYQ
https://www.youtube.com//shorts/QFthnPZlywo,26,1,2090,9/12/2024,@chelsierinkus,QFthnPZlywo
https://www.youtube.com//shorts/fN7VvdSSE7k,82,1,13000,9/12/2024,@alpechahunter,fN7VvdSSE7k
https://www.youtube.com//shorts/o1X4RMoHyQs,76,0,10000,9/12/2024,@alpechahunter,o1X4RMoHyQs
https://www.youtube.com//shorts/Gh5dlYR7RGU,19,0,1116,9/11/2024,@chelsierinkus,Gh5dlYR7RGU
https://www.youtube.com//shorts/nRDamGN7wkw,14,0,939,9/11/2024,@alpechahunter,nRDamGN7wkw
https://www.youtube.com//shorts/ZtKgyXT6B5s,16,0,606,9/10/2024,@chelsierinkus,ZtKgyXT6B5s
https://www.youtube.com//shorts/oH1lB0Je24k,37,0,1664,9/10/2024,@alpechahunter,oH1lB0Je24k
https://www.youtube.com//shorts/tyJMlSTrVlk,5,,128,,@chelsierinkus,tyJMlSTrVlk
https://www.youtube.com//shorts/J5NsLRnQfec,137,,15000,,@chelsierinkus,J5NsLRnQfec
https://www.youtube.com//shorts/oQEvR2Ts0hc,127,,15000,,@chelsierinkus,oQEvR2Ts0hc
https://www.youtube.com//shorts/Z1A0VIn7OXA,2,,231,,@emilie-s7q,Z1A0VIn7OXA
https://www.youtube.com//shorts/Nl4XeEa307k,12,,509,,@emilie-s7q,Nl4XeEa307k
https://www.youtube.com//shorts/Ej2HZkCjVSg,48,,3596,,@emilie-s7q,Ej2HZkCjVSg
https://www.youtube.com//shorts/8UmLA09ezgQ,75,,6166,,@emilie-s7q,8UmLA09ezgQ
https://www.youtube.com//shorts/X3vFwTY3xcM,74,,5906,,@alpechahunter,X3vFwTY3xcM
https://www.youtube.com//shorts/yw-x76MvJ2M,29,,3772,,@alpechahunter,yw-x76MvJ2M
https://www.youtube.com//shorts/MQ1rBNMYVYI,210,,15000,,@alpechahunter,MQ1rBNMYVYI
https://www.youtube.com//shorts/IQl1rwZ-SC4,102,,10000,,@alpechahunter,IQl1rwZ-SC4
https://www.youtube.com//shorts/kFXqhmXj5l4,46,,5140,,@haydeeprovazek,kFXqhmXj5l4
https://www.youtube.com//shorts/YhfvjF9pF7A,96,,15000,,@haydeeprovazek,YhfvjF9pF7A
https://www.youtube.com//shorts/EEKjZxRDXyc,141,,14000,,@haydeeprovazek,EEKjZxRDXyc
https://www.youtube.com//shorts/4q4pnhqLPcc,213,,15000,,@baobo-k6h,4q4pnhqLPcc
https://www.youtube.com//shorts/5S7zFRqVvIU,16,,1729,,@baobo-k6h,5S7zFRqVvIU
https://www.youtube.com//shorts/1aTGdweCvKM,49,,8573,,@baobo-k6h,1aTGdweCvKM
https://www.youtube.com//shorts/TALUorghC2o,122,,15000,,@baobo-k6h,TALUorghC2o
https://www.youtube.com//shorts/mnbdh7c1kmQ,129,,11000,,@annunziata-y6u,mnbdh7c1kmQ
https://www.youtube.com//shorts/G4xqy5C4tZw,194,,15000,,@annunziata-y6u,G4xqy5C4tZw
https://www.youtube.com//shorts/2bSkoC0dAXI,84,,11000,,@annunziata-y6u,2bSkoC0dAXI
https://www.youtube.com//shorts/s3W556kq1hE,132,,13000,,@annunziata-y6u,s3W556kq1hE
https://www.youtube.com//shorts/5xWqFRUYfos,201,,17000,,@venicialolol,5xWqFRUYfos
https://www.youtube.com//shorts/j23j8nv0GO4,5,,609,,@venicialolol,j23j8nv0GO4
https://www.youtube.com//shorts/ISl4bjKIeAA,345,,18000,,@venicialolol,ISl4bjKIeAA
https://www.youtube.com//shorts/T_VqAI_ITc8,442,,42000,,@venicialolol,T_VqAI_ITc8
https://www.youtube.com//shorts/h7YVpKeXbAQ,12,,1302,,@barmanpsicologa,h7YVpKeXbAQ
https://www.youtube.com//shorts/nJirkyx0usA,3,,451,,@barmanpsicologa,nJirkyx0usA
https://www.youtube.com//shorts/w7WizjPUO-I,9,,1495,,@barmanpsicologa,w7WizjPUO-I
https://www.youtube.com//shorts/ma_-bLAIduE,4,,437,,@barmanpsicologa,ma_-bLAIduE
https://www.youtube.com//shorts/XN_D5pc1li4,,,1167,,,XN_D5pc1li4
https://www.youtube.com//shorts/TZmyVeukTXU,,,6095,,,TZmyVeukTXU
https://www.youtube.com//shorts/qIK3tdBwYwY,,,7901,,,qIK3tdBwYwY
https://www.youtube.com//shorts/oai7P6W2kZk,,,4590,,,oai7P6W2kZk
https://www.youtube.com//shorts/VAYyskECOQA,,,2206,,,VAYyskECOQA
https://www.youtube.com//shorts/0NioVMmZf1k,,,31000,,,0NioVMmZf1k
https://www.youtube.com//shorts/B26oWn1I9Bw,,,24000,,,B26oWn1I9Bw
https://www.youtube.com//shorts/GidFkwZ9Lo4,,,27000,,,GidFkwZ9Lo4
https://www.youtube.com//shorts/sUrKIB1OOQI,,,33000,,,sUrKIB1OOQI
https://www.youtube.com//shorts/LtQaf3ILU60,,,1070000,,,LtQaf3ILU60
https://www.youtube.com//shorts/kfy_8E2PdCM,,,26000,,,kfy_8E2PdCM
https://www.youtube.com//shorts/Ncnn_DkJDRA,,,5285,,,Ncnn_DkJDRA
https://www.youtube.com//shorts/qDZylR0aufE,,,34000,,,qDZylR0aufE
https://www.youtube.com//shorts/MrdInDbzUYI,,,33000,,,MrdInDbzUYI
https://www.youtube.com//shorts/oZH4GwWcVxI,,,33000,,,oZH4GwWcVxI
https://www.youtube.com//shorts/LqWxLdgqIkU,,,32000,,,LqWxLdgqIkU
https://www.youtube.com//shorts/ccGDIVfGtCQ,,,34,,,ccGDIVfGtCQ
https://www.youtube.com//shorts/RQNnSlIwqBw,,,22000,,,RQNnSlIwqBw
https://www.youtube.com//shorts/KY5bOtq5Tss,,,32000,,,KY5bOtq5Tss
https://www.youtube.com//shorts/b_-0innBzek,,,5564,,,b_-0innBzek
