No.,brand,product,channel,selfkoc,selfkoc_url
1,Neakasa,garment steamer,tiktok,alardo.richter,https://www.tiktok.com/@alardo.richter?_t=ZT-8tgtN2FKMEY&_r=1
2,Neakasa,garment steamer,tiktok,luckily077,https://www.tiktok.com/@luckily077?_r=1&_d=ee2fgc92m6bc55&sec
3,Neakasa,garment steamer,tiktok,parris.woods8,https://www.tiktok.com/@parris.woods8?_t=ZP-8tgtNEwAytC&_r=1
4,Neakasa,garment steamer,tiktok,jacek.chinchilla,https://www.tiktok.com/@jacek.chinchilla?_t=ZT-8tgtNo1b5Tf&_r=1
5,Neakasa,garment steamer,tiktok,eeds1g,https://www.tiktok.com/@eeds1g?_t=ZT-8tgtK9yMQot&_r=1
6,Neakasa,garment steamer,tiktok,demps.8i,https://www.tiktok.com/@demps.8i?_t=ZT-8trDCMtXO6k&_r=1
7,Neakasa,garment steamer,tiktok,obadia.goodman,https://www.tiktok.com/@obadia.goodman?_t=ZT-8trDCMtYcpO&_r=1
8,Neakasa,garment steamer,tiktok,perezcku0d7,https://www.tiktok.com/@perezcku0d7?_t=ZP-8trDCmdfQXG&_r=1
9,Neakasa,garment steamer,tiktok,ironease8,https://www.tiktok.com/@ironease8?_t=ZT-8trDAz0BhhG&_r=1
10,Neakasa,garment steamer,tiktok,eeds1u,https://www.tiktok.com/@eeds1u?_t=ZT-8trDgfThr46&_r=1
11,Neakasa,garment steamer,tiktok,amaliqscfq3,https://www.tiktok.com/@amaliqscfq3?_t=ZP-8trBHiiX2sA&_r=1
12,Neakasa,garment steamer,tiktok,xochitlpadmore,https://www.tiktok.com/@xochitlpadmore?_t=ZS-8trBBMC55nB&_r=1
13,Neakasa,garment steamer,tiktok,neakasamagic1,https://www.tiktok.com/@neakasamagic1?_t=ZT-8trFOniXqkY&_r=1
14,Neakasa,garment steamer,tiktok,dalmixqgivy,https://www.tiktok.com/@dalmixqgivy
15,Neakasa,garment steamer,tiktok,willexkn44s,http://www.tiktok.com/@willexkn44s
16,Neakasa,garment steamer,tiktok,dug20315fpo,https://www.tiktok.com/@dug20315fpo?_t=ZT-8tuTKyABuri&_r=1
17,Neakasa,garment steamer,tiktok,iciarykrr18,https://www.tiktok.com/@iciarykrr18?_t=ZT-8tuTK5NvTPa&_r=1
18,Neakasa,garment steamer,youtube,AlardoRichter,https://www.youtube.com/@AlardoRichter
19,Neakasa,garment steamer,youtube,PittsburghPhilemon,https://www.youtube.com/@PittsburghPhilemon
20,Neakasa,garment steamer,youtube,ParrisWoods-r7x,https://www.youtube.com/@ParrisWoods-r7x
21,Neakasa,garment steamer,youtube,JacekChinchilla,https://www.youtube.com/@JacekChinchilla
22,Neakasa,garment steamer,youtube,MelissaBailey-b9c,https://www.youtube.com/@MelissaBailey-b9c
23,Neakasa,garment steamer,youtube,ObadiaGoodm,https://www.youtube.com/@ObadiaGoodm
24,Neakasa,garment steamer,youtube,SimonMosley-pj5rd,https://www.youtube.com/@SimonMosley-pj5rd
25,Neakasa,garment steamer,youtube,Jose-t4u3f,https://www.youtube.com/@Jose-t4u3f
26,Neakasa,garment steamer,youtube,LamontMears,https://www.youtube.com/@LamontMears
27,Neakasa,garment steamer,youtube,JasonGarrison-u8s,https://www.youtube.com/@JasonGarrison-u8s
28,Neakasa,garment steamer,youtube,AmaliaVasile-u1o,https://www.youtube.com/@AmaliaVasile-u1o
29,Neakasa,garment steamer,youtube,ChandlerMHMLimited-w7v,https://www.youtube.com/@ChandlerMHMLimited-w7v
30,Neakasa,garment steamer,youtube,kentcunningham-x1l,https://youtube.com/@kentcunningham-x1l?si=q9kjWmGDFJBnz6SZ
31,Neakasa,garment steamer,youtube,ChristopherPerez-f3r,https://www.youtube.com/@ChristopherPerez-f3r
32,Neakasa,garment steamer,instagram,jacksonconstanciaia8,jacksonconstanciaia8
33,Neakasa,garment steamer,instagram,geoffchangkqalal,geoffchangkqalal
34,Neakasa,garment steamer,instagram,pruittcodykjb,pruittcodykjb
35,Neakasa,garment steamer,instagram,stassibusher152,stassibusher152
36,Neakasa,garment steamer,instagram,harpercalhx1ds,harpercalhx1ds
37,Neakasa,garment steamer,instagram,lozanopeterl5x8fmz,lozanopeterl5x8fmz
38,Neakasa,garment steamer,instagram,elliottbruce7tp389,elliottbruce7tp389
39,Neakasa,garment steamer,instagram,inglesenicewander368,inglesenicewander368
40,Neakasa,garment steamer,instagram,rodgersaustini3q,rodgersaustini3q
41,Neakasa,garment steamer,instagram,leejonasf55gogu,leejonasf55gogu
42,Neakasa,garment steamer,instagram,neakasa_us,neakasa_us
43,Neakasa,garment steamer,instagram,ariaspaulsa9g57,ariaspaulsa9g57
44,Neakasa,garment steamer,instagram,fowlercarlq5l2znp,fowlercarlq5l2znp
45,Neakasa,cat litter box,youtube,https://youtube.com/@denkamau?si=lPGN-aCojrqZsA-0,denkamau
46,Neakasa,cat litter box,youtube,https://youtube.com/@mohammadblackburn-e6x?si=veTBc6o-_Rdv4KRf,mohammadblackburn-e6x
47,Neakasa,cat litter box,youtube,https://youtube.com/@farnoushaco?si=MqhFj1yZdPLJCr6_,farnoushaco
48,Neakasa,cat litter box,youtube,https://youtube.com/@chelsierinkus?si=1zCPR08fkwMjjsxe,chelsierinkus
49,Neakasa,cat litter box,youtube,https://youtube.com/@emilie-s7q?si=f8BiDyp6h-dkgWJo,emilie-s7q
50,Neakasa,cat litter box,youtube,https://youtube.com/@meechiemarxmiller?si=PcjG8Wxj5c-BvMWc,meechiemarxmiller
51,Neakasa,cat litter box,youtube,https://youtube.com/@alpechahunter?si=WsPdeKO3JiwKYTo2,alpechahunter
52,Neakasa,cat litter box,youtube,https://youtube.com/@haydeeprovazek?si=7GngoXR3CTlJSyWS,haydeeprovazek
53,Neakasa,cat litter box,youtube,https://youtube.com/@baobo-k6h?si=niwV_E7vFKeqPWMD,baobo-k6h
54,Neakasa,cat litter box,youtube,https://youtube.com/@annunziata-y6u?si=n5cRLez66PxszGpg,annunziata-y6u
55,Neakasa,cat litter box,youtube,https://youtube.com/@venicialolol?si=MPVXslHZoAS7xdGe,venicialolol
56,Neakasa,cat litter box,youtube,https://youtube.com/@barmanpsicologa?si=CtWkyFy1CrJV3o9f,barmanpsicologa
57,Neakasa,cat litter box,tiktok,https://www.tiktok.com/@sagehall0?_t=ZT-8ts1RX4qaio&_r=1,sagehall0
58,Neakasa,cat litter box,tiktok,https://www.tiktok.com/@marleycampbell5?_t=ZT-8ts1kZzGPBm&_r=1,marleycampbell5
59,Neakasa,cat litter box,tiktok,https://www.tiktok.com/@nellietucker0?_t=ZT-8ts26lLAXja&_r=1,nellietucker0
60,Neakasa,cat litter box,tiktok,https://www.tiktok.com/@charlifi007?_t=ZT-8ts2Uo3euXT&_r=1,charlifi007
61,Neakasa,cat litter box,tiktok,https://www.tiktok.com/@raynesosa?_t=ZT-8ts3NpKvoKo&_r=1,raynesosa
62,Neakasa,cat litter box,tiktok,https://www.tiktok.com/@leesan007?_t=ZP-8ts3Rb5HYg2&_r=1,leesan007
63,Neakasa,cat litter box,tiktok,https://www.tiktok.com/@hunterezkj8?_t=ZP-8tr5jUrlwxK&_r=1,hunterezkj8
64,Neakasa,cat litter box,tiktok,https://www.tiktok.com/@lf6ai8wvknt?_t=ZT-8tr5bZi2jxW&_r=1,lf6ai8wvknt
65,Neakasa,cat litter box,tiktok,https://www.tiktok.com/@schechter.denney?_t=ZT-8tr5aqobMvG&_r=1,schechter.denney
66,Neakasa,cat litter box,tiktok,https://www.tiktok.com/@maesftuijv6?_t=ZP-8tr5ud9geZb&_r=1,maesftuijv6
67,Neakasa,cat litter box,tiktok,https://www.tiktok.com/@lucky.ley6?_t=ZP-8tr5uQIe7WY&_r=1,lucky.ley6
68,Neakasa,cat litter box,tiktok,https://www.tiktok.com/@twi662?_t=ZT-8tr5smWuNAc&_r=1,twi662
69,Neakasa,cat litter box,instagram,bear0342,bear0342
70,Neakasa,cat litter box,instagram,johncox3632,johncox3632
71,Neakasa,cat litter box,instagram,boogielucla,boogielucla
72,Neakasa,cat litter box,instagram,detocay791,detocay791
73,Neakasa,cat litter box,instagram,1668.louis,1668.louis
74,Neakasa,cat litter box,instagram,pritpaulgosawna,pritpaulgosawna
75,Neakasa,cat litter box,instagram,fojer56767,fojer56767
76,Neakasa,cat litter box,instagram,hajona8561,hajona8561
77,Neakasa,cat litter box,instagram,diahamondol,diahamondol
78,Neakasa,cat litter box,instagram,sylvoxkatty,sylvoxkatty
79,Neakasa,cat litter box,instagram,g2gfatbxd5,g2gfatbxd5